institution,rank_2025,cycle,party,committee_type,total
American,91,2008,DEM,H,5250.0
American,91,2008,DEM,S,7400.0
American,91,2008,DEM,Y,46588.0
American,91,2008,REP,Y,1300.0
American,91,2012,DEM,H,9450.0
American,91,2012,DEM,S,11400.0
American,91,2012,DEM,Y,16584.0
American,91,2012,REP,H,250.0
American,91,2016,DEM,H,81170.0
American,91,2016,DEM,P,10197.0
American,91,2016,DEM,S,35525.0
American,91,2016,DEM,Y,82433.0
American,91,2016,REP,H,5200.0
American,91,2016,REP,P,150.0
American,91,2016,REP,S,1500.0
American,91,2016,REP,Y,100.0
American,91,2020,DEM,H,70534.0
American,91,2020,DEM,P,30622.0
American,91,2020,DEM,S,83835.0
American,91,2020,DEM,Y,92570.0
American,91,2020,REP,H,1750.0
American,91,2020,REP,S,11100.0
American,91,2020,REP,Y,300.0
Arizona,109,2008,DEM,H,16750.0
Arizona,109,2008,DEM,S,3010.0
Arizona,109,2008,DEM,Y,5041.0
Arizona,109,2008,REP,Y,3912.0
Arizona,109,2012,DEM,H,2950.0
Arizona,109,2012,DEM,S,2450.0
Arizona,109,2012,DEM,Y,6570.0
Arizona,109,2012,REP,H,500.0
Arizona,109,2012,REP,S,1250.0
Arizona,109,2012,REP,Y,4959.0
Arizona,109,2016,DEM,H,1425.0
Arizona,109,2016,DEM,P,13289.0
Arizona,109,2016,DEM,S,9558.0
Arizona,109,2016,DEM,Y,19551.0
Arizona,109,2016,REP,P,450.0
Arizona,109,2016,REP,Y,731.0
Arizona,109,2020,DEM,H,13571.0
Arizona,109,2020,DEM,P,23730.0
Arizona,109,2020,DEM,S,211308.0
Arizona,109,2020,DEM,Y,22224.0
Arizona,109,2020,REP,H,100.0
Arizona,109,2020,REP,Y,1085.0
Arizona St,121,2008,DEM,H,21400.0
Arizona St,121,2008,DEM,S,16819.0
Arizona St,121,2008,DEM,Y,256216.0
Arizona St,121,2008,REP,H,26550.0
Arizona St,121,2008,REP,S,17750.0
Arizona St,121,2008,REP,Y,77170.0
Arizona St,121,2012,DEM,H,32222.0
Arizona St,121,2012,DEM,S,71050.0
Arizona St,121,2012,DEM,Y,89775.0
Arizona St,121,2012,REP,H,34200.0
Arizona St,121,2012,REP,P,8585.0
Arizona St,121,2012,REP,S,33500.0
Arizona St,121,2012,REP,Y,150195.0
Arizona St,121,2016,DEM,H,43495.0
Arizona St,121,2016,DEM,P,43273.0
Arizona St,121,2016,DEM,S,58013.0
Arizona St,121,2016,DEM,Y,78404.0
Arizona St,121,2016,REP,H,49725.0
Arizona St,121,2016,REP,P,26726.0
Arizona St,121,2016,REP,S,42368.0
Arizona St,121,2016,REP,Y,90473.0
Arizona St,121,2020,DEM,H,137020.0
Arizona St,121,2020,DEM,P,124287.0
Arizona St,121,2020,DEM,S,344035.0
Arizona St,121,2020,DEM,Y,151917.0
Arizona St,121,2020,REP,H,86811.0
Arizona St,121,2020,REP,S,109757.0
Arizona St,121,2020,REP,Y,125538.0
Auburn,105,2008,DEM,Y,716.0
Auburn,105,2008,REP,H,750.0
Auburn,105,2008,REP,Y,1550.0
Auburn,105,2012,DEM,Y,200.0
Auburn,105,2012,REP,H,750.0
Auburn,105,2012,REP,P,700.0
Auburn,105,2016,DEM,P,403.0
Auburn,105,2016,DEM,Y,2916.0
Auburn,105,2016,REP,H,500.0
Auburn,105,2016,REP,P,1625.0
Auburn,105,2016,REP,Y,1227.0
Auburn,105,2020,DEM,H,4080.0
Auburn,105,2020,DEM,P,6055.0
Auburn,105,2020,DEM,S,27977.0
Auburn,105,2020,DEM,Y,8450.0
Auburn,105,2020,REP,H,275.0
Auburn,105,2020,REP,S,22510.0
Auburn,105,2020,REP,Y,1652.0
Baylor,91,2008,REP,S,250.0
Baylor,91,2008,REP,Y,1740.0
Baylor,91,2012,DEM,H,500.0
Baylor,91,2012,DEM,Y,1300.0
Baylor,91,2012,REP,H,500.0
Baylor,91,2012,REP,S,2250.0
Baylor,91,2012,REP,Y,900.0
Baylor,91,2016,DEM,H,1000.0
Baylor,91,2016,DEM,P,1018.0
Baylor,91,2016,DEM,S,500.0
Baylor,91,2016,DEM,Y,3304.0
Baylor,91,2016,REP,H,1500.0
Baylor,91,2016,REP,P,9301.0
Baylor,91,2016,REP,S,30795.0
Baylor,91,2016,REP,Y,765.0
Baylor,91,2020,DEM,H,3932.0
Baylor,91,2020,DEM,P,1877.0
Baylor,91,2020,DEM,S,6262.0
Baylor,91,2020,DEM,Y,2850.0
Baylor,91,2020,REP,H,6000.0
Baylor,91,2020,REP,S,1205.0
Baylor,91,2020,REP,Y,4997.0
Binghamton,73,2008,REP,S,4600.0
Binghamton,73,2008,REP,Y,250.0
Binghamton,73,2012,DEM,H,250.0
Binghamton,73,2012,DEM,S,500.0
Binghamton,73,2012,DEM,Y,360.0
Binghamton,73,2016,DEM,P,3651.0
Binghamton,73,2016,DEM,S,50.0
Binghamton,73,2016,DEM,Y,2685.0
Binghamton,73,2016,REP,P,937.0
Binghamton,73,2016,REP,S,100.0
Binghamton,73,2020,DEM,H,793.0
Binghamton,73,2020,DEM,P,12221.0
Binghamton,73,2020,DEM,S,1433.0
Binghamton,73,2020,DEM,Y,6619.0
Binghamton,73,2020,REP,Y,1190.0
Boston College,37,2008,DEM,H,250.0
Boston College,37,2008,DEM,S,3550.0
Boston College,37,2008,DEM,Y,7067.0
Boston College,37,2012,DEM,H,3000.0
Boston College,37,2012,DEM,S,20900.0
Boston College,37,2012,DEM,Y,10052.0
Boston College,37,2012,REP,H,2500.0
Boston College,37,2012,REP,S,250.0
Boston College,37,2016,DEM,H,1750.0
Boston College,37,2016,DEM,P,7677.0
Boston College,37,2016,DEM,S,6150.0
Boston College,37,2016,DEM,Y,26442.0
Boston College,37,2016,REP,P,275.0
Boston College,37,2016,REP,Y,500.0
Boston College,37,2020,DEM,H,5812.0
Boston College,37,2020,DEM,P,25497.0
Boston College,37,2020,DEM,S,59602.0
Boston College,37,2020,DEM,Y,30263.0
Boston College,37,2020,REP,H,1000.0
Boston College,37,2020,REP,P,250.0
Boston College,37,2020,REP,S,2250.0
Boston College,37,2020,REP,Y,952.0
Boston Univ,41,2008,DEM,H,7900.0
Boston Univ,41,2008,DEM,S,1000.0
Boston Univ,41,2008,DEM,Y,33444.0
Boston Univ,41,2008,REP,S,2300.0
Boston Univ,41,2008,REP,Y,4451.0
Boston Univ,41,2012,DEM,H,13800.0
Boston Univ,41,2012,DEM,S,84050.0
Boston Univ,41,2012,DEM,Y,42153.0
Boston Univ,41,2012,REP,Y,1500.0
Boston Univ,41,2016,DEM,H,26450.0
Boston Univ,41,2016,DEM,P,29011.0
Boston Univ,41,2016,DEM,S,46163.0
Boston Univ,41,2016,DEM,Y,47649.0
Boston Univ,41,2016,REP,P,1577.0
Boston Univ,41,2016,REP,Y,234.0
Boston Univ,41,2020,DEM,H,74444.0
Boston Univ,41,2020,DEM,P,59377.0
Boston Univ,41,2020,DEM,S,244275.0
Boston Univ,41,2020,DEM,Y,115001.0
Boston Univ,41,2020,REP,H,1260.0
Boston Univ,41,2020,REP,P,1050.0
Boston Univ,41,2020,REP,S,4100.0
Boston Univ,41,2020,REP,Y,6748.0
Brandeis,63,2008,DEM,H,650.0
Brandeis,63,2008,DEM,S,3300.0
Brandeis,63,2008,DEM,Y,1500.0
Brandeis,63,2012,DEM,H,950.0
Brandeis,63,2012,DEM,S,34400.0
Brandeis,63,2012,DEM,Y,7235.0
Brandeis,63,2016,DEM,H,2550.0
Brandeis,63,2016,DEM,P,7812.0
Brandeis,63,2016,DEM,S,5458.0
Brandeis,63,2016,DEM,Y,17675.0
Brandeis,63,2016,REP,P,300.0
Brandeis,63,2020,DEM,H,12514.0
Brandeis,63,2020,DEM,P,15987.0
Brandeis,63,2020,DEM,S,52000.0
Brandeis,63,2020,DEM,Y,27923.0
Brigham Young,109,2008,DEM,Y,10210.0
Brigham Young,109,2008,REP,Y,3325.0
Brigham Young,109,2012,DEM,Y,583.0
Brigham Young,109,2012,REP,S,4000.0
Brigham Young,109,2012,REP,Y,3080.0
Brigham Young,109,2016,DEM,P,892.0
Brigham Young,109,2016,DEM,S,5400.0
Brigham Young,109,2016,DEM,Y,560.0
Brigham Young,109,2016,REP,H,2000.0
Brigham Young,109,2016,REP,P,2735.0
Brigham Young,109,2016,REP,S,900.0
Brigham Young,109,2016,REP,Y,5307.0
Brigham Young,109,2020,DEM,H,13950.0
Brigham Young,109,2020,DEM,P,2728.0
Brigham Young,109,2020,DEM,S,3437.0
Brigham Young,109,2020,DEM,Y,2840.0
Brigham Young,109,2020,REP,H,1936.0
Brigham Young,109,2020,REP,S,700.0
Brigham Young,109,2020,REP,Y,6352.0
Brown,13,2008,DEM,H,500.0
Brown,13,2008,DEM,S,5550.0
Brown,13,2008,DEM,Y,2675.0
Brown,13,2008,REP,S,2300.0
Brown,13,2008,REP,Y,1000.0
Brown,13,2012,DEM,H,7600.0
Brown,13,2012,DEM,S,14250.0
Brown,13,2012,DEM,Y,3550.0
Brown,13,2012,REP,Y,300.0
Brown,13,2016,DEM,H,7020.0
Brown,13,2016,DEM,P,14113.0
Brown,13,2016,DEM,S,9803.0
Brown,13,2016,DEM,Y,28778.0
Brown,13,2016,REP,P,2875.0
Brown,13,2016,REP,Y,1037.0
Brown,13,2020,DEM,H,22174.0
Brown,13,2020,DEM,P,47129.0
Brown,13,2020,DEM,S,54162.0
Brown,13,2020,DEM,Y,43326.0
Brown,13,2020,REP,H,600.0
Brown,13,2020,REP,S,250.0
Brown,13,2020,REP,Y,10000.0
CUNY City College,121,2008,DEM,H,1300.0
CUNY City College,121,2012,DEM,H,750.0
CUNY City College,121,2012,DEM,S,750.0
CUNY City College,121,2012,DEM,Y,1400.0
CUNY City College,121,2016,DEM,H,2700.0
CUNY City College,121,2016,DEM,P,1428.0
CUNY City College,121,2016,DEM,S,1050.0
CUNY City College,121,2016,DEM,Y,452.0
CUNY City College,121,2020,DEM,H,1417.0
CUNY City College,121,2020,DEM,P,2674.0
CUNY City College,121,2020,DEM,S,20045.0
CUNY City College,121,2020,DEM,Y,6200.0
CUNY City College,121,2020,REP,Y,200.0
Cal St Fullerton,136,2008,DEM,H,1000.0
Cal St Fullerton,136,2008,DEM,Y,250.0
Cal St Fullerton,136,2016,DEM,H,250.0
Cal St Fullerton,136,2016,DEM,P,234.0
Cal St Fullerton,136,2016,DEM,Y,838.0
Cal St Fullerton,136,2020,DEM,H,1990.0
Cal St Fullerton,136,2020,DEM,P,4522.0
Cal St Fullerton,136,2020,DEM,S,2200.0
Cal St Fullerton,136,2020,DEM,Y,5367.0
Cal St Fullerton,136,2020,REP,H,302.0
Cal St Long Beach,109,2008,DEM,Y,300.0
Cal St Long Beach,109,2012,DEM,H,1000.0
Cal St Long Beach,109,2012,DEM,S,527.0
Cal St Long Beach,109,2016,DEM,P,955.0
Cal St Long Beach,109,2016,DEM,Y,497.0
Cal St Long Beach,109,2016,REP,P,225.0
Cal St Long Beach,109,2020,DEM,P,2264.0
Cal St Long Beach,109,2020,DEM,S,900.0
Cal St Long Beach,109,2020,DEM,Y,1585.0
Caltech,6,2008,DEM,H,10950.0
Caltech,6,2008,DEM,S,500.0
Caltech,6,2008,DEM,Y,2000.0
Caltech,6,2008,REP,Y,500.0
Caltech,6,2012,DEM,H,6250.0
Caltech,6,2012,DEM,S,3650.0
Caltech,6,2012,DEM,Y,6100.0
Caltech,6,2016,DEM,H,5650.0
Caltech,6,2016,DEM,P,6563.0
Caltech,6,2016,DEM,S,5672.0
Caltech,6,2016,DEM,Y,12386.0
Caltech,6,2016,REP,P,1812.0
Caltech,6,2016,REP,Y,295.0
Caltech,6,2020,DEM,H,29165.0
Caltech,6,2020,DEM,P,12615.0
Caltech,6,2020,DEM,S,72383.0
Caltech,6,2020,DEM,Y,28289.0
Caltech,6,2020,REP,H,250.0
Caltech,6,2020,REP,S,950.0
Caltech,6,2020,REP,Y,2187.0
Carnegie Mellon,21,2008,DEM,H,250.0
Carnegie Mellon,21,2008,DEM,Y,6850.0
Carnegie Mellon,21,2008,REP,Y,250.0
Carnegie Mellon,21,2012,DEM,H,950.0
Carnegie Mellon,21,2012,DEM,S,4200.0
Carnegie Mellon,21,2012,DEM,Y,11679.0
Carnegie Mellon,21,2012,REP,P,1000.0
Carnegie Mellon,21,2016,DEM,H,2100.0
Carnegie Mellon,21,2016,DEM,P,10258.0
Carnegie Mellon,21,2016,DEM,S,6555.0
Carnegie Mellon,21,2016,DEM,Y,18229.0
Carnegie Mellon,21,2016,REP,P,400.0
Carnegie Mellon,21,2016,REP,S,165.0
Carnegie Mellon,21,2016,REP,Y,201.0
Carnegie Mellon,21,2020,DEM,H,12821.0
Carnegie Mellon,21,2020,DEM,P,32898.0
Carnegie Mellon,21,2020,DEM,S,61022.0
Carnegie Mellon,21,2020,DEM,Y,29067.0
Carnegie Mellon,21,2020,REP,H,1500.0
Carnegie Mellon,21,2020,REP,Y,101.0
Case Western,51,2008,DEM,H,250.0
Case Western,51,2008,DEM,S,500.0
Case Western,51,2008,DEM,Y,3300.0
Case Western,51,2008,REP,Y,1380.0
Case Western,51,2012,DEM,H,1000.0
Case Western,51,2012,DEM,S,500.0
Case Western,51,2012,DEM,Y,950.0
Case Western,51,2012,REP,S,250.0
Case Western,51,2012,REP,Y,220.0
Case Western,51,2016,DEM,H,1300.0
Case Western,51,2016,DEM,P,2651.0
Case Western,51,2016,DEM,S,550.0
Case Western,51,2016,DEM,Y,15977.0
Case Western,51,2016,REP,Y,510.0
Case Western,51,2020,DEM,H,3900.0
Case Western,51,2020,DEM,P,8633.0
Case Western,51,2020,DEM,S,22033.0
Case Western,51,2020,DEM,Y,15346.0
Case Western,51,2020,REP,S,2905.0
Case Western,51,2020,REP,Y,176.0
Chapman,121,2008,REP,H,2000.0
Chapman,121,2008,REP,Y,2585.0
Chapman,121,2012,DEM,S,400.0
Chapman,121,2012,REP,H,1750.0
Chapman,121,2012,REP,P,1500.0
Chapman,121,2012,REP,S,250.0
Chapman,121,2012,REP,Y,2000.0
Chapman,121,2016,DEM,H,1500.0
Chapman,121,2016,DEM,P,1740.0
Chapman,121,2016,DEM,S,6675.0
Chapman,121,2016,DEM,Y,1440.0
Chapman,121,2016,REP,H,5900.0
Chapman,121,2016,REP,P,5317.0
Chapman,121,2016,REP,S,1025.0
Chapman,121,2016,REP,Y,720.0
Chapman,121,2020,DEM,H,1240.0
Chapman,121,2020,DEM,P,3717.0
Chapman,121,2020,DEM,S,8300.0
Chapman,121,2020,DEM,Y,21422.0
Chapman,121,2020,REP,H,2500.0
Chapman,121,2020,REP,Y,6445.0
Chicago,11,2008,DEM,H,38551.0
Chicago,11,2008,DEM,S,30475.0
Chicago,11,2008,DEM,Y,14342.0
Chicago,11,2008,REP,H,250.0
Chicago,11,2008,REP,Y,7452.0
Chicago,11,2012,DEM,H,77131.0
Chicago,11,2012,DEM,S,14100.0
Chicago,11,2012,DEM,Y,32093.0
Chicago,11,2012,REP,S,500.0
Chicago,11,2012,REP,Y,3250.0
Chicago,11,2016,DEM,H,66611.0
Chicago,11,2016,DEM,P,33862.0
Chicago,11,2016,DEM,S,24622.0
Chicago,11,2016,DEM,Y,24289.0
Chicago,11,2016,REP,H,3200.0
Chicago,11,2016,REP,P,5038.0
Chicago,11,2016,REP,Y,205.0
Chicago,11,2020,DEM,H,132419.0
Chicago,11,2020,DEM,P,110137.0
Chicago,11,2020,DEM,S,207512.0
Chicago,11,2020,DEM,Y,151694.0
Chicago,11,2020,REP,S,2831.0
Chicago,11,2020,REP,Y,8806.0
Clark,132,2008,DEM,H,500.0
Clark,132,2008,DEM,Y,625.0
Clark,132,2012,DEM,H,250.0
Clark,132,2012,DEM,S,2300.0
Clark,132,2012,DEM,Y,500.0
Clark,132,2016,DEM,H,200.0
Clark,132,2016,DEM,P,4695.0
Clark,132,2016,DEM,S,1100.0
Clark,132,2016,DEM,Y,784.0
Clark,132,2020,DEM,H,1744.0
Clark,132,2020,DEM,P,8216.0
Clark,132,2020,DEM,S,34345.0
Clark,132,2020,DEM,Y,50180.0
Clarkson,152,2008,DEM,H,500.0
Clarkson,152,2008,REP,Y,201.0
Clarkson,152,2012,DEM,H,500.0
Clarkson,152,2012,DEM,S,250.0
Clarkson,152,2012,REP,H,1000.0
Clarkson,152,2016,DEM,P,729.0
Clarkson,152,2016,DEM,Y,400.0
Clarkson,152,2016,REP,H,300.0
Clarkson,152,2016,REP,P,145.0
Clarkson,152,2020,DEM,P,277.0
Clarkson,152,2020,DEM,S,100.0
Clarkson,152,2020,DEM,Y,150.0
Clarkson,152,2020,REP,H,350.0
Clarkson,152,2020,REP,S,300.0
Clemson,80,2008,DEM,S,2250.0
Clemson,80,2008,DEM,Y,2400.0
Clemson,80,2008,REP,Y,200.0
Clemson,80,2012,DEM,H,500.0
Clemson,80,2012,DEM,S,1050.0
Clemson,80,2012,DEM,Y,1950.0
Clemson,80,2012,REP,Y,500.0
Clemson,80,2016,DEM,H,974.0
Clemson,80,2016,DEM,P,2761.0
Clemson,80,2016,DEM,Y,2462.0
Clemson,80,2016,REP,S,500.0
Clemson,80,2016,REP,Y,763.0
Clemson,80,2020,DEM,H,1900.0
Clemson,80,2020,DEM,P,5206.0
Clemson,80,2020,DEM,S,16591.0
Clemson,80,2020,DEM,Y,94442.0
Clemson,80,2020,REP,H,259.0
Clemson,80,2020,REP,S,5252.0
Clemson,80,2020,REP,Y,2966.0
Col School of Mines,76,2008,DEM,Y,800.0
Col School of Mines,76,2016,DEM,P,1670.0
Col School of Mines,76,2016,DEM,S,1500.0
Col School of Mines,76,2016,DEM,Y,894.0
Col School of Mines,76,2016,REP,P,450.0
Col School of Mines,76,2020,DEM,H,10.0
Col School of Mines,76,2020,DEM,P,3103.0
Col School of Mines,76,2020,DEM,S,3873.0
Col School of Mines,76,2020,DEM,Y,2047.0
Col School of Mines,76,2020,REP,S,1000.0
Col School of Mines,76,2020,REP,Y,747.0
Colorado,98,2008,DEM,Y,3050.0
Colorado,98,2012,DEM,H,1000.0
Colorado,98,2012,DEM,S,250.0
Colorado,98,2012,DEM,Y,850.0
Colorado,98,2012,REP,Y,250.0
Colorado,98,2016,DEM,H,250.0
Colorado,98,2016,DEM,P,10060.0
Colorado,98,2016,DEM,S,4030.0
Colorado,98,2016,DEM,Y,8951.0
Colorado,98,2016,REP,P,2700.0
Colorado,98,2020,DEM,H,2708.0
Colorado,98,2020,DEM,P,18375.0
Colorado,98,2020,DEM,S,23609.0
Colorado,98,2020,DEM,Y,11299.0
Colorado,98,2020,REP,H,50.0
Colorado St,148,2008,DEM,Y,4808.0
Colorado St,148,2012,DEM,S,1200.0
Colorado St,148,2012,DEM,Y,3712.0
Colorado St,148,2012,REP,P,750.0
Colorado St,148,2016,DEM,P,7350.0
Colorado St,148,2016,DEM,S,9575.0
Colorado St,148,2016,DEM,Y,11898.0
Colorado St,148,2016,REP,P,665.0
Colorado St,148,2016,REP,Y,500.0
Colorado St,148,2020,DEM,H,3883.0
Colorado St,148,2020,DEM,P,16171.0
Colorado St,148,2020,DEM,S,28262.0
Colorado St,148,2020,DEM,Y,13752.0
Colorado St,148,2020,REP,H,425.0
Colorado St,148,2020,REP,S,1652.0
Colorado St,148,2020,REP,Y,1916.0
Columbia,13,2008,DEM,H,25753.0
Columbia,13,2008,DEM,S,21050.0
Columbia,13,2008,DEM,Y,69449.0
Columbia,13,2008,REP,H,3250.0
Columbia,13,2008,REP,S,2000.0
Columbia,13,2008,REP,Y,26200.0
Columbia,13,2012,DEM,H,45450.0
Columbia,13,2012,DEM,S,78000.0
Columbia,13,2012,DEM,Y,115374.0
Columbia,13,2012,REP,H,1750.0
Columbia,13,2012,REP,S,2500.0
Columbia,13,2012,REP,Y,4200.0
Columbia,13,2016,DEM,H,57033.0
Columbia,13,2016,DEM,P,56503.0
Columbia,13,2016,DEM,S,101924.0
Columbia,13,2016,DEM,Y,157083.0
Columbia,13,2016,REP,H,5750.0
Columbia,13,2016,REP,P,5700.0
Columbia,13,2016,REP,S,1250.0
Columbia,13,2016,REP,Y,4375.0
Columbia,13,2020,DEM,H,150822.0
Columbia,13,2020,DEM,P,134901.0
Columbia,13,2020,DEM,S,385758.0
Columbia,13,2020,DEM,Y,312965.0
Columbia,13,2020,REP,H,3850.0
Columbia,13,2020,REP,P,750.0
Columbia,13,2020,REP,S,9100.0
Columbia,13,2020,REP,Y,8665.0
Connecticut,70,2008,DEM,H,4850.0
Connecticut,70,2008,DEM,Y,6150.0
Connecticut,70,2008,REP,Y,550.0
Connecticut,70,2012,DEM,H,4800.0
Connecticut,70,2012,DEM,S,37153.0
Connecticut,70,2012,DEM,Y,18750.0
Connecticut,70,2012,REP,Y,250.0
Connecticut,70,2016,DEM,H,2450.0
Connecticut,70,2016,DEM,P,7361.0
Connecticut,70,2016,DEM,S,12420.0
Connecticut,70,2016,DEM,Y,7677.0
Connecticut,70,2016,REP,P,286.0
Connecticut,70,2016,REP,Y,250.0
Connecticut,70,2020,DEM,H,4605.0
Connecticut,70,2020,DEM,P,15751.0
Connecticut,70,2020,DEM,S,39657.0
Connecticut,70,2020,DEM,Y,35919.0
Connecticut,70,2020,REP,H,175.0
Connecticut,70,2020,REP,S,1435.0
Connecticut,70,2020,REP,Y,3884.0
Cornell,11,2008,DEM,H,6700.0
Cornell,11,2008,DEM,S,2830.0
Cornell,11,2008,DEM,Y,36623.0
Cornell,11,2008,REP,H,500.0
Cornell,11,2008,REP,Y,1550.0
Cornell,11,2012,DEM,H,17900.0
Cornell,11,2012,DEM,S,17900.0
Cornell,11,2012,DEM,Y,48473.0
Cornell,11,2012,REP,H,250.0
Cornell,11,2016,DEM,H,8407.0
Cornell,11,2016,DEM,P,38770.0
Cornell,11,2016,DEM,S,13743.0
Cornell,11,2016,DEM,Y,63147.0
Cornell,11,2016,REP,P,85.0
Cornell,11,2016,REP,Y,150.0
Cornell,11,2020,DEM,H,21135.0
Cornell,11,2020,DEM,P,51395.0
Cornell,11,2020,DEM,S,130496.0
Cornell,11,2020,DEM,Y,125217.0
Cornell,11,2020,REP,H,801.0
Cornell,11,2020,REP,S,705.0
Cornell,11,2020,REP,Y,2576.0
Creighton,121,2008,DEM,Y,750.0
Creighton,121,2008,REP,Y,500.0
Creighton,121,2012,DEM,S,750.0
Creighton,121,2012,DEM,Y,2174.0
Creighton,121,2012,REP,S,3500.0
Creighton,121,2012,REP,Y,1120.0
Creighton,121,2016,DEM,H,50.0
Creighton,121,2016,DEM,P,835.0
Creighton,121,2016,DEM,Y,1530.0
Creighton,121,2016,REP,H,2400.0
Creighton,121,2016,REP,Y,2540.0
Creighton,121,2020,DEM,P,1367.0
Creighton,121,2020,DEM,S,3106.0
Creighton,121,2020,DEM,Y,1887.0
Creighton,121,2020,REP,H,28509.0
Creighton,121,2020,REP,S,135.0
Creighton,121,2020,REP,Y,2937.0
Dartmouth,15,2008,DEM,H,2300.0
Dartmouth,15,2008,DEM,Y,5763.0
Dartmouth,15,2008,REP,Y,1000.0
Dartmouth,15,2012,DEM,H,18200.0
Dartmouth,15,2012,DEM,S,250.0
Dartmouth,15,2012,DEM,Y,8782.0
Dartmouth,15,2012,REP,H,2000.0
Dartmouth,15,2012,REP,S,1000.0
Dartmouth,15,2016,DEM,H,29416.0
Dartmouth,15,2016,DEM,P,29931.0
Dartmouth,15,2016,DEM,S,45555.0
Dartmouth,15,2016,DEM,Y,21633.0
Dartmouth,15,2016,REP,P,3900.0
Dartmouth,15,2020,DEM,H,26044.0
Dartmouth,15,2020,DEM,P,23764.0
Dartmouth,15,2020,DEM,S,88725.0
Dartmouth,15,2020,DEM,Y,33443.0
Dartmouth,15,2020,REP,H,225.0
Dartmouth,15,2020,REP,P,85.0
Dartmouth,15,2020,REP,S,100.0
Dartmouth,15,2020,REP,Y,611.0
Dayton,136,2008,DEM,Y,500.0
Dayton,136,2008,REP,H,1250.0
Dayton,136,2008,REP,Y,500.0
Dayton,136,2012,DEM,H,250.0
Dayton,136,2012,DEM,Y,500.0
Dayton,136,2016,DEM,P,923.0
Dayton,136,2016,DEM,Y,2307.0
Dayton,136,2016,REP,P,110.0
Dayton,136,2016,REP,Y,2350.0
Dayton,136,2020,DEM,P,2548.0
Dayton,136,2020,DEM,S,9095.0
Dayton,136,2020,DEM,Y,10047.0
Dayton,136,2020,REP,H,1750.0
Dayton,136,2020,REP,S,50.0
Dayton,136,2020,REP,Y,500.0
Delaware,86,2008,DEM,S,1200.0
Delaware,86,2008,DEM,Y,4300.0
Delaware,86,2008,REP,Y,2350.0
Delaware,86,2012,DEM,H,6550.0
Delaware,86,2012,DEM,S,7950.0
Delaware,86,2012,DEM,Y,5250.0
Delaware,86,2012,REP,Y,1000.0
Delaware,86,2016,DEM,H,9550.0
Delaware,86,2016,DEM,P,6901.0
Delaware,86,2016,DEM,S,5180.0
Delaware,86,2016,DEM,Y,8881.0
Delaware,86,2016,REP,P,500.0
Delaware,86,2016,REP,Y,2000.0
Delaware,86,2020,DEM,H,17049.0
Delaware,86,2020,DEM,P,18007.0
Delaware,86,2020,DEM,S,60099.0
Delaware,86,2020,DEM,Y,18333.0
Delaware,86,2020,REP,H,450.0
Delaware,86,2020,REP,S,900.0
Delaware,86,2020,REP,Y,2665.0
Denver,121,2008,DEM,Y,1500.0
Denver,121,2008,REP,H,250.0
Denver,121,2008,REP,Y,500.0
Denver,121,2012,DEM,S,700.0
Denver,121,2012,DEM,Y,1557.0
Denver,121,2012,REP,Y,200.0
Denver,121,2016,DEM,H,575.0
Denver,121,2016,DEM,P,4917.0
Denver,121,2016,DEM,S,13505.0
Denver,121,2016,DEM,Y,3091.0
Denver,121,2016,REP,P,800.0
Denver,121,2016,REP,S,1720.0
Denver,121,2016,REP,Y,252.0
Denver,121,2020,DEM,H,24913.0
Denver,121,2020,DEM,P,21780.0
Denver,121,2020,DEM,S,62257.0
Denver,121,2020,DEM,Y,24846.0
Denver,121,2020,REP,Y,1400.0
Drexel,86,2008,DEM,H,500.0
Drexel,86,2008,DEM,S,4000.0
Drexel,86,2008,DEM,Y,1750.0
Drexel,86,2008,REP,Y,2350.0
Drexel,86,2012,DEM,H,4250.0
Drexel,86,2012,DEM,S,11800.0
Drexel,86,2012,DEM,Y,6089.0
Drexel,86,2012,REP,P,250.0
Drexel,86,2012,REP,S,500.0
Drexel,86,2012,REP,Y,400.0
Drexel,86,2016,DEM,H,5325.0
Drexel,86,2016,DEM,P,5882.0
Drexel,86,2016,DEM,S,8450.0
Drexel,86,2016,DEM,Y,21241.0
Drexel,86,2016,REP,Y,750.0
Drexel,86,2020,DEM,H,23411.0
Drexel,86,2020,DEM,P,19283.0
Drexel,86,2020,DEM,S,18305.0
Drexel,86,2020,DEM,Y,18277.0
Drexel,86,2020,REP,H,750.0
Drexel,86,2020,REP,S,350.0
Drexel,86,2020,REP,Y,1336.0
Duke,6,2008,DEM,H,32836.0
Duke,6,2008,DEM,S,1000.0
Duke,6,2008,DEM,Y,25963.0
Duke,6,2008,REP,H,3000.0
Duke,6,2008,REP,Y,25600.0
Duke,6,2012,DEM,H,34400.0
Duke,6,2012,DEM,S,6079.0
Duke,6,2012,DEM,Y,30033.0
Duke,6,2012,REP,H,3550.0
Duke,6,2012,REP,P,750.0
Duke,6,2012,REP,Y,17990.0
Duke,6,2016,DEM,H,20835.0
Duke,6,2016,DEM,P,24297.0
Duke,6,2016,DEM,S,17638.0
Duke,6,2016,DEM,Y,48439.0
Duke,6,2016,REP,P,1655.0
Duke,6,2016,REP,Y,4485.0
Duke,6,2020,DEM,H,90242.0
Duke,6,2020,DEM,P,58000.0
Duke,6,2020,DEM,S,139387.0
Duke,6,2020,DEM,Y,252420.0
Duke,6,2020,REP,H,5169.0
Duke,6,2020,REP,S,5453.0
Duke,6,2020,REP,Y,4954.0
Elon,121,2008,DEM,Y,200.0
Elon,121,2012,DEM,Y,200.0
Elon,121,2016,DEM,P,652.0
Elon,121,2016,DEM,Y,100.0
Elon,121,2020,DEM,H,1200.0
Elon,121,2020,DEM,P,1026.0
Elon,121,2020,DEM,S,300.0
Elon,121,2020,DEM,Y,1425.0
Elon,121,2020,REP,Y,85.0
Emory,24,2008,DEM,H,2800.0
Emory,24,2008,DEM,S,550.0
Emory,24,2008,DEM,Y,89757.0
Emory,24,2008,REP,H,500.0
Emory,24,2008,REP,Y,3000.0
Emory,24,2012,DEM,H,4200.0
Emory,24,2012,DEM,S,6950.0
Emory,24,2012,DEM,Y,56136.0
Emory,24,2012,REP,H,750.0
Emory,24,2012,REP,P,1800.0
Emory,24,2012,REP,Y,2000.0
Emory,24,2016,DEM,H,6700.0
Emory,24,2016,DEM,P,9284.0
Emory,24,2016,DEM,S,10312.0
Emory,24,2016,DEM,Y,125244.0
Emory,24,2016,REP,H,500.0
Emory,24,2016,REP,P,450.0
Emory,24,2016,REP,Y,965.0
Emory,24,2020,DEM,H,66327.0
Emory,24,2020,DEM,P,33302.0
Emory,24,2020,DEM,S,316381.0
Emory,24,2020,DEM,Y,247152.0
Emory,24,2020,REP,H,4315.0
Emory,24,2020,REP,S,12355.0
Emory,24,2020,REP,Y,5361.0
Fairfield,132,2008,DEM,H,750.0
Fairfield,132,2008,DEM,Y,525.0
Fairfield,132,2012,DEM,S,200.0
Fairfield,132,2016,DEM,P,1702.0
Fairfield,132,2016,DEM,Y,1250.0
Fairfield,132,2020,DEM,P,3810.0
Fairfield,132,2020,DEM,S,2931.0
Fairfield,132,2020,DEM,Y,2036.0
Fairfield,132,2020,REP,Y,95.0
Fla International,98,2008,DEM,H,2200.0
Fla International,98,2008,DEM,Y,650.0
Fla International,98,2008,REP,S,250.0
Fla International,98,2012,DEM,H,500.0
Fla International,98,2012,DEM,S,750.0
Fla International,98,2012,DEM,Y,4050.0
Fla International,98,2012,REP,H,1500.0
Fla International,98,2012,REP,P,250.0
Fla International,98,2012,REP,Y,2000.0
Fla International,98,2016,DEM,H,525.0
Fla International,98,2016,DEM,P,3151.0
Fla International,98,2016,DEM,S,347.0
Fla International,98,2016,DEM,Y,4407.0
Fla International,98,2016,REP,H,500.0
Fla International,98,2016,REP,P,425.0
Fla International,98,2016,REP,S,500.0
Fla International,98,2016,REP,Y,150.0
Fla International,98,2020,DEM,H,6879.0
Fla International,98,2020,DEM,P,7170.0
Fla International,98,2020,DEM,S,9430.0
Fla International,98,2020,DEM,Y,15514.0
Fla International,98,2020,REP,H,2350.0
Fla International,98,2020,REP,S,4400.0
Fla International,98,2020,REP,Y,1200.0
Florida,30,2008,DEM,H,3000.0
Florida,30,2008,DEM,S,1000.0
Florida,30,2008,DEM,Y,5975.0
Florida,30,2008,REP,H,6200.0
Florida,30,2008,REP,Y,7400.0
Florida,30,2012,DEM,H,750.0
Florida,30,2012,DEM,S,2450.0
Florida,30,2012,DEM,Y,15182.0
Florida,30,2012,REP,H,5501.0
Florida,30,2012,REP,P,1900.0
Florida,30,2012,REP,Y,1800.0
Florida,30,2016,DEM,H,10640.0
Florida,30,2016,DEM,P,17717.0
Florida,30,2016,DEM,S,11489.0
Florida,30,2016,DEM,Y,14909.0
Florida,30,2016,REP,H,1500.0
Florida,30,2016,REP,P,2600.0
Florida,30,2016,REP,Y,1810.0
Florida,30,2020,DEM,H,25325.0
Florida,30,2020,DEM,P,24931.0
Florida,30,2020,DEM,S,61535.0
Florida,30,2020,DEM,Y,116080.0
Florida,30,2020,REP,H,19783.0
Florida,30,2020,REP,S,14953.0
Florida,30,2020,REP,Y,15096.0
Florida St,54,2008,DEM,Y,3150.0
Florida St,54,2008,REP,H,3950.0
Florida St,54,2008,REP,Y,2750.0
Florida St,54,2012,DEM,H,3000.0
Florida St,54,2012,DEM,S,750.0
Florida St,54,2012,DEM,Y,4762.0
Florida St,54,2012,REP,H,2500.0
Florida St,54,2012,REP,Y,1450.0
Florida St,54,2016,DEM,H,990.0
Florida St,54,2016,DEM,P,9602.0
Florida St,54,2016,DEM,S,2050.0
Florida St,54,2016,DEM,Y,8745.0
Florida St,54,2016,REP,H,5650.0
Florida St,54,2016,REP,P,2828.0
Florida St,54,2016,REP,S,250.0
Florida St,54,2020,DEM,H,2934.0
Florida St,54,2020,DEM,P,14445.0
Florida St,54,2020,DEM,S,14018.0
Florida St,54,2020,DEM,Y,13950.0
Florida St,54,2020,REP,H,1000.0
Florida St,54,2020,REP,S,250.0
Florida St,54,2020,REP,Y,684.0
Fordham,91,2008,DEM,Y,9732.0
Fordham,91,2008,REP,H,1000.0
Fordham,91,2012,DEM,H,8250.0
Fordham,91,2012,DEM,P,2500.0
Fordham,91,2012,DEM,S,19500.0
Fordham,91,2012,DEM,Y,2300.0
Fordham,91,2012,REP,S,1000.0
Fordham,91,2016,DEM,H,1800.0
Fordham,91,2016,DEM,P,3836.0
Fordham,91,2016,DEM,S,3200.0
Fordham,91,2016,DEM,Y,23969.0
Fordham,91,2016,REP,H,250.0
Fordham,91,2016,REP,S,1500.0
Fordham,91,2020,DEM,H,12054.0
Fordham,91,2020,DEM,P,7243.0
Fordham,91,2020,DEM,S,49184.0
Fordham,91,2020,DEM,Y,31185.0
Fordham,91,2020,REP,H,4250.0
Fordham,91,2020,REP,Y,2544.0
George Mason,109,2008,DEM,H,1500.0
George Mason,109,2008,DEM,S,4300.0
George Mason,109,2008,DEM,Y,7225.0
George Mason,109,2008,REP,H,1000.0
George Mason,109,2012,DEM,H,4600.0
George Mason,109,2012,DEM,S,21550.0
George Mason,109,2012,DEM,Y,8112.0
George Mason,109,2012,REP,H,1000.0
George Mason,109,2012,REP,S,500.0
George Mason,109,2016,DEM,H,1530.0
George Mason,109,2016,DEM,P,5201.0
George Mason,109,2016,DEM,S,8825.0
George Mason,109,2016,DEM,Y,7121.0
George Mason,109,2016,REP,P,-1620.0
George Mason,109,2016,REP,S,470.0
George Mason,109,2016,REP,Y,1085.0
George Mason,109,2020,DEM,H,11775.0
George Mason,109,2020,DEM,P,13261.0
George Mason,109,2020,DEM,S,35818.0
George Mason,109,2020,DEM,Y,31529.0
George Mason,109,2020,REP,H,1475.0
George Mason,109,2020,REP,S,4050.0
George Mason,109,2020,REP,Y,7080.0
George Washington,63,2008,DEM,H,1829.0
George Washington,63,2008,DEM,S,17786.0
George Washington,63,2008,DEM,Y,9697.0
George Washington,63,2008,REP,H,250.0
George Washington,63,2008,REP,S,1000.0
George Washington,63,2008,REP,Y,8275.0
George Washington,63,2012,DEM,H,8500.0
George Washington,63,2012,DEM,S,16950.0
George Washington,63,2012,DEM,Y,12062.0
George Washington,63,2012,REP,S,1000.0
George Washington,63,2012,REP,Y,3025.0
George Washington,63,2016,DEM,H,28295.0
George Washington,63,2016,DEM,P,8580.0
George Washington,63,2016,DEM,S,24051.0
George Washington,63,2016,DEM,Y,16541.0
George Washington,63,2016,REP,P,2201.0
George Washington,63,2016,REP,Y,3342.0
George Washington,63,2020,DEM,H,26743.0
George Washington,63,2020,DEM,P,32642.0
George Washington,63,2020,DEM,S,64164.0
George Washington,63,2020,DEM,Y,53087.0
George Washington,63,2020,REP,H,650.0
George Washington,63,2020,REP,P,1000.0
George Washington,63,2020,REP,S,552.0
George Washington,63,2020,REP,Y,1885.0
Georgetown,24,2008,DEM,H,1950.0
Georgetown,24,2008,DEM,S,2218.0
Georgetown,24,2008,DEM,Y,19525.0
Georgetown,24,2008,REP,Y,16900.0
Georgetown,24,2012,DEM,H,14000.0
Georgetown,24,2012,DEM,P,2500.0
Georgetown,24,2012,DEM,S,28850.0
Georgetown,24,2012,DEM,Y,54975.0
Georgetown,24,2012,REP,H,300.0
Georgetown,24,2012,REP,P,1600.0
Georgetown,24,2012,REP,S,2750.0
Georgetown,24,2012,REP,Y,250.0
Georgetown,24,2016,DEM,H,26511.0
Georgetown,24,2016,DEM,P,13387.0
Georgetown,24,2016,DEM,S,37194.0
Georgetown,24,2016,DEM,Y,17869.0
Georgetown,24,2016,REP,H,2100.0
Georgetown,24,2016,REP,P,1000.0
Georgetown,24,2016,REP,S,2250.0
Georgetown,24,2020,DEM,H,71752.0
Georgetown,24,2020,DEM,P,35234.0
Georgetown,24,2020,DEM,S,163279.0
Georgetown,24,2020,DEM,Y,79701.0
Georgetown,24,2020,REP,H,1650.0
Georgetown,24,2020,REP,P,1000.0
Georgetown,24,2020,REP,S,12550.0
Georgetown,24,2020,REP,Y,5254.0
Georgia,46,2008,DEM,H,500.0
Georgia,46,2008,DEM,S,750.0
Georgia,46,2008,DEM,Y,8183.0
Georgia,46,2008,REP,Y,7300.0
Georgia,46,2012,DEM,H,200.0
Georgia,46,2012,DEM,S,1900.0
Georgia,46,2012,DEM,Y,2912.0
Georgia,46,2012,REP,H,2500.0
Georgia,46,2012,REP,S,2500.0
Georgia,46,2012,REP,Y,6600.0
Georgia,46,2016,DEM,H,1445.0
Georgia,46,2016,DEM,P,4805.0
Georgia,46,2016,DEM,S,500.0
Georgia,46,2016,DEM,Y,12493.0
Georgia,46,2016,REP,P,780.0
Georgia,46,2016,REP,Y,4400.0
Georgia,46,2020,DEM,H,1950.0
Georgia,46,2020,DEM,P,13939.0
Georgia,46,2020,DEM,S,48333.0
Georgia,46,2020,DEM,Y,22743.0
Georgia,46,2020,REP,H,4200.0
Georgia,46,2020,REP,S,2100.0
Georgia,46,2020,REP,Y,5659.0
Georgia Tech,33,2008,DEM,H,250.0
Georgia Tech,33,2008,DEM,Y,3700.0
Georgia Tech,33,2008,REP,Y,1250.0
Georgia Tech,33,2012,DEM,H,750.0
Georgia Tech,33,2012,DEM,S,750.0
Georgia Tech,33,2012,DEM,Y,4115.0
Georgia Tech,33,2012,REP,P,3250.0
Georgia Tech,33,2012,REP,Y,250.0
Georgia Tech,33,2016,DEM,H,4450.0
Georgia Tech,33,2016,DEM,P,6015.0
Georgia Tech,33,2016,DEM,S,3400.0
Georgia Tech,33,2016,DEM,Y,11270.0
Georgia Tech,33,2016,REP,P,1779.0
Georgia Tech,33,2016,REP,Y,1563.0
Georgia Tech,33,2020,DEM,H,7910.0
Georgia Tech,33,2020,DEM,P,18337.0
Georgia Tech,33,2020,DEM,S,77515.0
Georgia Tech,33,2020,DEM,Y,16715.0
Georgia Tech,33,2020,REP,Y,4326.0
Gonzaga,98,2008,DEM,H,500.0
Gonzaga,98,2008,DEM,S,250.0
Gonzaga,98,2012,DEM,H,500.0
Gonzaga,98,2016,DEM,P,3428.0
Gonzaga,98,2016,DEM,S,150.0
Gonzaga,98,2016,DEM,Y,801.0
Gonzaga,98,2016,REP,P,150.0
Gonzaga,98,2020,DEM,P,3001.0
Gonzaga,98,2020,DEM,S,427.0
Gonzaga,98,2020,DEM,Y,2071.0
Gonzaga,98,2020,REP,Y,100.0
Harvard,3,2008,DEM,H,20000.0
Harvard,3,2008,DEM,S,23850.0
Harvard,3,2008,DEM,Y,216139.0
Harvard,3,2008,REP,H,250.0
Harvard,3,2008,REP,S,1250.0
Harvard,3,2008,REP,Y,3400.0
Harvard,3,2012,DEM,H,60950.0
Harvard,3,2012,DEM,S,268240.0
Harvard,3,2012,DEM,Y,226652.0
Harvard,3,2012,REP,H,1000.0
Harvard,3,2012,REP,S,5050.0
Harvard,3,2012,REP,Y,1250.0
Harvard,3,2016,DEM,H,82840.0
Harvard,3,2016,DEM,P,46328.0
Harvard,3,2016,DEM,S,125291.0
Harvard,3,2016,DEM,Y,198677.0
Harvard,3,2016,REP,H,250.0
Harvard,3,2016,REP,P,1460.0
Harvard,3,2016,REP,S,1000.0
Harvard,3,2016,REP,Y,1299.0
Harvard,3,2020,DEM,H,177833.0
Harvard,3,2020,DEM,P,154811.0
Harvard,3,2020,DEM,S,525311.0
Harvard,3,2020,DEM,Y,294680.0
Harvard,3,2020,REP,H,1300.0
Harvard,3,2020,REP,P,2000.0
Harvard,3,2020,REP,S,2567.0
Harvard,3,2020,REP,Y,2755.0
Houston,144,2008,DEM,H,500.0
Houston,144,2008,DEM,S,475.0
Houston,144,2008,DEM,Y,900.0
Houston,144,2008,REP,S,2000.0
Houston,144,2008,REP,Y,2810.0
Houston,144,2012,DEM,H,3900.0
Houston,144,2012,DEM,S,4950.0
Houston,144,2012,DEM,Y,1500.0
Houston,144,2012,REP,S,2000.0
Houston,144,2012,REP,Y,757.0
Houston,144,2016,DEM,H,6205.0
Houston,144,2016,DEM,P,3046.0
Houston,144,2016,DEM,S,5777.0
Houston,144,2016,DEM,Y,28586.0
Houston,144,2016,REP,P,9645.0
Houston,144,2016,REP,S,900.0
Houston,144,2016,REP,Y,1075.0
Houston,144,2020,DEM,H,16960.0
Houston,144,2020,DEM,P,16824.0
Houston,144,2020,DEM,S,20817.0
Houston,144,2020,DEM,Y,23285.0
Houston,144,2020,REP,H,1414.0
Houston,144,2020,REP,S,1331.0
Houston,144,2020,REP,Y,7104.0
Howard,86,2008,DEM,H,1800.0
Howard,86,2008,DEM,S,1550.0
Howard,86,2008,DEM,Y,10750.0
Howard,86,2012,DEM,H,3000.0
Howard,86,2012,DEM,S,7950.0
Howard,86,2012,DEM,Y,52757.0
Howard,86,2016,DEM,H,5451.0
Howard,86,2016,DEM,P,1624.0
Howard,86,2016,DEM,S,9150.0
Howard,86,2016,DEM,Y,12390.0
Howard,86,2016,REP,Y,100.0
Howard,86,2020,DEM,H,14737.0
Howard,86,2020,DEM,P,6447.0
Howard,86,2020,DEM,S,16968.0
Howard,86,2020,DEM,Y,51838.0
Howard,86,2020,REP,H,910.0
Howard,86,2020,REP,Y,208.0
Illinois,33,2008,DEM,H,2000.0
Illinois,33,2008,DEM,S,1550.0
Illinois,33,2016,DEM,P,2459.0
Illinois,33,2016,DEM,S,612.0
Illinois,33,2016,DEM,Y,6150.0
Illinois,33,2020,DEM,H,600.0
Illinois,33,2020,DEM,P,3946.0
Illinois,33,2020,DEM,S,6706.0
Illinois,33,2020,DEM,Y,5145.0
Illinois,33,2020,REP,H,250.0
Illinois Chicago,80,2008,DEM,H,14725.0
Illinois Chicago,80,2008,DEM,S,9900.0
Illinois Chicago,80,2008,DEM,Y,15480.0
Illinois Chicago,80,2008,REP,H,21725.0
Illinois Chicago,80,2008,REP,S,10600.0
Illinois Chicago,80,2008,REP,Y,42550.0
Illinois Chicago,80,2012,DEM,H,18750.0
Illinois Chicago,80,2012,DEM,P,250.0
Illinois Chicago,80,2012,DEM,S,20500.0
Illinois Chicago,80,2012,DEM,Y,21026.0
Illinois Chicago,80,2012,REP,H,51600.0
Illinois Chicago,80,2012,REP,P,7950.0
Illinois Chicago,80,2012,REP,S,27475.0
Illinois Chicago,80,2012,REP,Y,221304.0
Illinois Chicago,80,2016,DEM,H,61338.0
Illinois Chicago,80,2016,DEM,P,21629.0
Illinois Chicago,80,2016,DEM,S,66172.0
Illinois Chicago,80,2016,DEM,Y,19471.0
Illinois Chicago,80,2016,REP,H,79477.0
Illinois Chicago,80,2016,REP,P,8197.0
Illinois Chicago,80,2016,REP,S,45666.0
Illinois Chicago,80,2016,REP,Y,693495.0
Illinois Chicago,80,2020,DEM,H,199102.0
Illinois Chicago,80,2020,DEM,P,55645.0
Illinois Chicago,80,2020,DEM,S,106125.0
Illinois Chicago,80,2020,DEM,Y,70995.0
Illinois Chicago,80,2020,REP,H,119296.0
Illinois Chicago,80,2020,REP,S,137851.0
Illinois Chicago,80,2020,REP,Y,210088.0
Illinois Tech,105,2008,DEM,H,1500.0
Illinois Tech,105,2008,DEM,S,5200.0
Illinois Tech,105,2008,DEM,Y,3750.0
Illinois Tech,105,2008,REP,Y,500.0
Illinois Tech,105,2012,DEM,H,2450.0
Illinois Tech,105,2012,DEM,Y,2750.0
Illinois Tech,105,2012,REP,Y,250.0
Illinois Tech,105,2016,DEM,H,1750.0
Illinois Tech,105,2016,DEM,P,340.0
Illinois Tech,105,2016,DEM,S,775.0
Illinois Tech,105,2016,DEM,Y,2735.0
Illinois Tech,105,2020,DEM,H,986.0
Illinois Tech,105,2020,DEM,P,86.0
Illinois Tech,105,2020,DEM,S,17306.0
Illinois Tech,105,2020,DEM,Y,6825.0
Indiana,73,2008,DEM,H,4050.0
Indiana,73,2008,DEM,Y,19748.0
Indiana,73,2008,REP,H,4600.0
Indiana,73,2008,REP,Y,3700.0
Indiana,73,2012,DEM,H,8000.0
Indiana,73,2012,DEM,S,26150.0
Indiana,73,2012,DEM,Y,40604.0
Indiana,73,2012,REP,H,5250.0
Indiana,73,2012,REP,P,750.0
Indiana,73,2012,REP,S,5950.0
Indiana,73,2012,REP,Y,4950.0
Indiana,73,2016,DEM,H,2350.0
Indiana,73,2016,DEM,P,30262.0
Indiana,73,2016,DEM,S,37806.0
Indiana,73,2016,DEM,Y,39672.0
Indiana,73,2016,REP,H,6900.0
Indiana,73,2016,REP,P,5219.0
Indiana,73,2016,REP,S,19690.0
Indiana,73,2016,REP,Y,4300.0
Indiana,73,2020,DEM,H,26855.0
Indiana,73,2020,DEM,P,50891.0
Indiana,73,2020,DEM,S,120585.0
Indiana,73,2020,DEM,Y,71861.0
Indiana,73,2020,REP,H,4955.0
Indiana,73,2020,REP,S,6413.0
Indiana,73,2020,REP,Y,10084.0
Iowa,98,2008,DEM,S,750.0
Iowa,98,2008,DEM,Y,15498.0
Iowa,98,2008,REP,H,2800.0
Iowa,98,2008,REP,S,500.0
Iowa,98,2008,REP,Y,1230.0
Iowa,98,2012,DEM,H,1900.0
Iowa,98,2012,DEM,S,2300.0
Iowa,98,2012,DEM,Y,32336.0
Iowa,98,2012,REP,P,4050.0
Iowa,98,2012,REP,S,1200.0
Iowa,98,2012,REP,Y,4250.0
Iowa,98,2016,DEM,H,1250.0
Iowa,98,2016,DEM,P,22029.0
Iowa,98,2016,DEM,S,1374.0
Iowa,98,2016,DEM,Y,63573.0
Iowa,98,2016,REP,P,1695.0
Iowa,98,2016,REP,S,10450.0
Iowa,98,2016,REP,Y,2091.0
Iowa,98,2020,DEM,H,4415.0
Iowa,98,2020,DEM,P,38491.0
Iowa,98,2020,DEM,S,99891.0
Iowa,98,2020,DEM,Y,52978.0
Iowa,98,2020,REP,H,5640.0
Iowa,98,2020,REP,S,18524.0
Iowa,98,2020,REP,Y,8941.0
Iowa St,121,2008,DEM,H,2450.0
Iowa St,121,2008,DEM,Y,8290.0
Iowa St,121,2008,REP,Y,1000.0
Iowa St,121,2012,DEM,H,750.0
Iowa St,121,2012,DEM,S,2700.0
Iowa St,121,2012,DEM,Y,9800.0
Iowa St,121,2012,REP,Y,1426.0
Iowa St,121,2016,DEM,H,3250.0
Iowa St,121,2016,DEM,P,15354.0
Iowa St,121,2016,DEM,S,1185.0
Iowa St,121,2016,DEM,Y,16666.0
Iowa St,121,2016,REP,P,2878.0
Iowa St,121,2016,REP,S,10200.0
Iowa St,121,2016,REP,Y,1425.0
Iowa St,121,2020,DEM,H,1221.0
Iowa St,121,2020,DEM,P,12972.0
Iowa St,121,2020,DEM,S,52914.0
Iowa St,121,2020,DEM,Y,40277.0
Iowa St,121,2020,REP,H,6100.0
Iowa St,121,2020,REP,S,8754.0
Iowa St,121,2020,REP,Y,2486.0
James Madison,148,2008,DEM,S,250.0
James Madison,148,2012,DEM,S,1700.0
James Madison,148,2012,DEM,Y,983.0
James Madison,148,2012,REP,Y,3500.0
James Madison,148,2016,DEM,P,917.0
James Madison,148,2016,DEM,Y,5879.0
James Madison,148,2016,REP,P,75.0
James Madison,148,2020,DEM,H,1140.0
James Madison,148,2020,DEM,P,4414.0
James Madison,148,2020,DEM,S,6310.0
James Madison,148,2020,DEM,Y,11133.0
James Madison,148,2020,REP,H,500.0
James Madison,148,2020,REP,S,500.0
Johns Hopkins,6,2008,DEM,H,10900.0
Johns Hopkins,6,2008,DEM,S,2250.0
Johns Hopkins,6,2008,DEM,Y,18346.0
Johns Hopkins,6,2008,REP,H,21675.0
Johns Hopkins,6,2008,REP,Y,7500.0
Johns Hopkins,6,2012,DEM,H,31850.0
Johns Hopkins,6,2012,DEM,S,22500.0
Johns Hopkins,6,2012,DEM,Y,16956.0
Johns Hopkins,6,2012,REP,H,7400.0
Johns Hopkins,6,2012,REP,Y,2501.0
Johns Hopkins,6,2016,DEM,H,24803.0
Johns Hopkins,6,2016,DEM,P,16920.0
Johns Hopkins,6,2016,DEM,S,53952.0
Johns Hopkins,6,2016,DEM,Y,48614.0
Johns Hopkins,6,2016,REP,H,5200.0
Johns Hopkins,6,2016,REP,P,825.0
Johns Hopkins,6,2016,REP,S,250.0
Johns Hopkins,6,2016,REP,Y,884.0
Johns Hopkins,6,2020,DEM,H,39550.0
Johns Hopkins,6,2020,DEM,P,47516.0
Johns Hopkins,6,2020,DEM,S,184473.0
Johns Hopkins,6,2020,DEM,Y,117861.0
Johns Hopkins,6,2020,REP,H,1250.0
Johns Hopkins,6,2020,REP,S,250.0
Johns Hopkins,6,2020,REP,Y,5191.0
Kansas,152,2008,DEM,Y,5558.0
Kansas,152,2008,REP,H,300.0
Kansas,152,2008,REP,Y,5650.0
Kansas,152,2012,DEM,H,1000.0
Kansas,152,2012,DEM,S,750.0
Kansas,152,2012,DEM,Y,12032.0
Kansas,152,2012,REP,H,250.0
Kansas,152,2012,REP,P,500.0
Kansas,152,2012,REP,S,750.0
Kansas,152,2012,REP,Y,3850.0
Kansas,152,2016,DEM,H,2700.0
Kansas,152,2016,DEM,P,11477.0
Kansas,152,2016,DEM,S,3595.0
Kansas,152,2016,DEM,Y,21710.0
Kansas,152,2016,REP,P,1825.0
Kansas,152,2016,REP,S,2000.0
Kansas,152,2016,REP,Y,100.0
Kansas,152,2020,DEM,H,18002.0
Kansas,152,2020,DEM,P,17241.0
Kansas,152,2020,DEM,S,22720.0
Kansas,152,2020,DEM,Y,32616.0
Kansas,152,2020,REP,H,8550.0
Kansas,152,2020,REP,S,10700.0
Kansas,152,2020,REP,Y,4931.0
Lehigh,46,2008,DEM,H,500.0
Lehigh,46,2008,REP,Y,500.0
Lehigh,46,2012,DEM,S,3100.0
Lehigh,46,2012,DEM,Y,1120.0
Lehigh,46,2012,REP,P,500.0
Lehigh,46,2012,REP,S,250.0
Lehigh,46,2016,DEM,P,2990.0
Lehigh,46,2016,DEM,S,2761.0
Lehigh,46,2016,DEM,Y,4396.0
Lehigh,46,2016,REP,P,500.0
Lehigh,46,2020,DEM,H,15850.0
Lehigh,46,2020,DEM,P,8114.0
Lehigh,46,2020,DEM,S,13183.0
Lehigh,46,2020,DEM,Y,12611.0
Lehigh,46,2020,REP,H,1000.0
Lehigh,46,2020,REP,Y,1000.0
Loyola Chicago,132,2008,DEM,H,600.0
Loyola Chicago,132,2008,DEM,Y,1500.0
Loyola Chicago,132,2012,DEM,H,2750.0
Loyola Chicago,132,2012,DEM,S,6250.0
Loyola Chicago,132,2012,DEM,Y,3962.0
Loyola Chicago,132,2012,REP,H,250.0
Loyola Chicago,132,2016,DEM,H,612.0
Loyola Chicago,132,2016,DEM,P,11614.0
Loyola Chicago,132,2016,DEM,S,3475.0
Loyola Chicago,132,2016,DEM,Y,7215.0
Loyola Chicago,132,2016,REP,P,125.0
Loyola Chicago,132,2016,REP,Y,100.0
Loyola Chicago,132,2020,DEM,H,6067.0
Loyola Chicago,132,2020,DEM,P,14459.0
Loyola Chicago,132,2020,DEM,S,19051.0
Loyola Chicago,132,2020,DEM,Y,7398.0
Loyola Chicago,132,2020,REP,P,500.0
Loyola Marymount,91,2008,DEM,H,750.0
Loyola Marymount,91,2008,DEM,Y,500.0
Loyola Marymount,91,2012,DEM,H,2800.0
Loyola Marymount,91,2012,DEM,S,250.0
Loyola Marymount,91,2012,DEM,Y,1000.0
Loyola Marymount,91,2012,REP,Y,210.0
Loyola Marymount,91,2016,DEM,H,200.0
Loyola Marymount,91,2016,DEM,P,2623.0
Loyola Marymount,91,2016,DEM,S,395.0
Loyola Marymount,91,2016,DEM,Y,981.0
Loyola Marymount,91,2020,DEM,H,2773.0
Loyola Marymount,91,2020,DEM,P,4801.0
Loyola Marymount,91,2020,DEM,S,5535.0
Loyola Marymount,91,2020,DEM,Y,9792.0
MIT,2,2008,DEM,H,236352.0
MIT,2,2008,DEM,S,292303.0
MIT,2,2008,DEM,Y,958852.0
MIT,2,2008,REP,H,219964.0
MIT,2,2008,REP,S,232211.0
MIT,2,2008,REP,Y,774628.0
MIT,2,2012,DEM,H,478752.0
MIT,2,2012,DEM,P,11000.0
MIT,2,2012,DEM,S,690929.0
MIT,2,2012,DEM,Y,630908.0
MIT,2,2012,REP,H,447793.0
MIT,2,2012,REP,P,67826.0
MIT,2,2012,REP,S,274124.0
MIT,2,2012,REP,Y,697201.0
MIT,2,2016,DEM,H,532953.0
MIT,2,2016,DEM,P,212816.0
MIT,2,2016,DEM,S,574296.0
MIT,2,2016,DEM,Y,988139.0
MIT,2,2016,REP,H,437672.0
MIT,2,2016,REP,P,230143.0
MIT,2,2016,REP,S,317691.0
MIT,2,2016,REP,Y,815143.0
MIT,2,2020,DEM,H,1042911.0
MIT,2,2020,DEM,P,478476.0
MIT,2,2020,DEM,S,1761039.0
MIT,2,2020,DEM,Y,1156284.0
MIT,2,2020,REP,H,803438.0
MIT,2,2020,REP,P,2625.0
MIT,2,2020,REP,S,732996.0
MIT,2,2020,REP,Y,899579.0
Marquette,86,2008,DEM,H,550.0
Marquette,86,2008,DEM,Y,1150.0
Marquette,86,2008,REP,Y,250.0
Marquette,86,2012,DEM,H,250.0
Marquette,86,2012,DEM,S,10200.0
Marquette,86,2012,REP,Y,1500.0
Marquette,86,2016,DEM,H,900.0
Marquette,86,2016,DEM,P,1206.0
Marquette,86,2016,DEM,S,500.0
Marquette,86,2016,DEM,Y,1720.0
Marquette,86,2016,REP,S,1350.0
Marquette,86,2016,REP,Y,6250.0
Marquette,86,2020,DEM,H,955.0
Marquette,86,2020,DEM,P,3235.0
Marquette,86,2020,DEM,S,3020.0
Marquette,86,2020,DEM,Y,4475.0
Marquette,86,2020,REP,S,250.0
Marquette,86,2020,REP,Y,3415.0
Maryland,44,2008,DEM,H,16750.0
Maryland,44,2008,DEM,S,3793.0
Maryland,44,2008,DEM,Y,31182.0
Maryland,44,2008,REP,Y,1550.0
Maryland,44,2012,DEM,H,11750.0
Maryland,44,2012,DEM,P,1500.0
Maryland,44,2012,DEM,S,22056.0
Maryland,44,2012,DEM,Y,45032.0
Maryland,44,2012,REP,H,500.0
Maryland,44,2012,REP,Y,500.0
Maryland,44,2016,DEM,H,42635.0
Maryland,44,2016,DEM,P,31275.0
Maryland,44,2016,DEM,S,63338.0
Maryland,44,2016,DEM,Y,37318.0
Maryland,44,2016,REP,H,500.0
Maryland,44,2016,REP,P,2012.0
Maryland,44,2016,REP,S,1750.0
Maryland,44,2016,REP,Y,1581.0
Maryland,44,2020,DEM,H,59206.0
Maryland,44,2020,DEM,P,51907.0
Maryland,44,2020,DEM,S,158573.0
Maryland,44,2020,DEM,Y,107537.0
Maryland,44,2020,REP,H,3900.0
Maryland,44,2020,REP,S,6065.0
Maryland,44,2020,REP,Y,1788.0
Miami Oh,136,2008,DEM,Y,6603.0
Miami Oh,136,2008,REP,Y,225.0
Miami Oh,136,2012,DEM,H,500.0
Miami Oh,136,2012,DEM,S,200.0
Miami Oh,136,2012,DEM,Y,800.0
Miami Oh,136,2016,DEM,H,150.0
Miami Oh,136,2016,DEM,P,3808.0
Miami Oh,136,2016,DEM,S,1225.0
Miami Oh,136,2016,DEM,Y,5777.0
Miami Oh,136,2016,REP,Y,500.0
Miami Oh,136,2020,DEM,H,361.0
Miami Oh,136,2020,DEM,P,4918.0
Miami Oh,136,2020,DEM,S,6180.0
Miami Oh,136,2020,DEM,Y,11822.0
Miami Oh,136,2020,REP,H,500.0
Miami Oh,136,2020,REP,S,250.0
Michigan,21,2008,DEM,H,7100.0
Michigan,21,2008,DEM,S,15500.0
Michigan,21,2008,DEM,Y,32516.0
Michigan,21,2008,REP,H,1200.0
Michigan,21,2008,REP,Y,7230.0
Michigan,21,2012,DEM,H,12250.0
Michigan,21,2012,DEM,S,60706.0
Michigan,21,2012,DEM,Y,48640.0
Michigan,21,2012,REP,H,2200.0
Michigan,21,2012,REP,P,750.0
Michigan,21,2012,REP,S,1500.0
Michigan,21,2012,REP,Y,4085.0
Michigan,21,2016,DEM,H,28792.0
Michigan,21,2016,DEM,P,60796.0
Michigan,21,2016,DEM,S,30733.0
Michigan,21,2016,DEM,Y,113949.0
Michigan,21,2016,REP,H,1750.0
Michigan,21,2016,REP,P,8468.0
Michigan,21,2016,REP,S,8600.0
Michigan,21,2016,REP,Y,3735.0
Michigan,21,2020,DEM,H,98518.0
Michigan,21,2020,DEM,P,129812.0
Michigan,21,2020,DEM,S,604362.0
Michigan,21,2020,DEM,Y,241371.0
Michigan,21,2020,REP,H,9410.0
Michigan,21,2020,REP,P,250.0
Michigan,21,2020,REP,S,13186.0
Michigan,21,2020,REP,Y,12852.0
Michigan St,63,2008,DEM,H,750.0
Michigan St,63,2008,DEM,S,2950.0
Michigan St,63,2008,DEM,Y,6150.0
Michigan St,63,2008,REP,Y,2880.0
Michigan St,63,2012,DEM,H,1050.0
Michigan St,63,2012,DEM,S,26880.0
Michigan St,63,2012,DEM,Y,11714.0
Michigan St,63,2012,REP,H,250.0
Michigan St,63,2012,REP,P,500.0
Michigan St,63,2012,REP,Y,500.0
Michigan St,63,2016,DEM,H,7294.0
Michigan St,63,2016,DEM,P,25073.0
Michigan St,63,2016,DEM,S,1906.0
Michigan St,63,2016,DEM,Y,31761.0
Michigan St,63,2016,REP,H,300.0
Michigan St,63,2016,REP,P,350.0
Michigan St,63,2016,REP,S,100.0
Michigan St,63,2016,REP,Y,600.0
Michigan St,63,2020,DEM,H,24587.0
Michigan St,63,2020,DEM,P,39304.0
Michigan St,63,2020,DEM,S,155717.0
Michigan St,63,2020,DEM,Y,41626.0
Michigan St,63,2020,REP,H,3725.0
Michigan St,63,2020,REP,S,8708.0
Michigan St,63,2020,REP,Y,1985.0
Michigan Tech,148,2012,DEM,Y,500.0
Michigan Tech,148,2016,DEM,H,250.0
Michigan Tech,148,2016,DEM,P,1232.0
Michigan Tech,148,2020,DEM,P,1426.0
Michigan Tech,148,2020,DEM,S,3348.0
Michigan Tech,148,2020,DEM,Y,580.0
Minnesota,54,2008,DEM,H,3500.0
Minnesota,54,2008,DEM,Y,26779.0
Minnesota,54,2008,REP,H,1000.0
Minnesota,54,2008,REP,Y,1600.0
Minnesota,54,2012,DEM,H,10000.0
Minnesota,54,2012,DEM,S,3150.0
Minnesota,54,2012,DEM,Y,34612.0
Minnesota,54,2012,REP,H,250.0
Minnesota,54,2012,REP,P,3000.0
Minnesota,54,2012,REP,Y,1020.0
Minnesota,54,2016,DEM,H,21910.0
Minnesota,54,2016,DEM,P,31991.0
Minnesota,54,2016,DEM,S,12146.0
Minnesota,54,2016,DEM,Y,79506.0
Minnesota,54,2016,REP,P,1092.0
Minnesota,54,2016,REP,Y,1247.0
Minnesota,54,2020,DEM,H,38381.0
Minnesota,54,2020,DEM,P,53184.0
Minnesota,54,2020,DEM,S,217336.0
Minnesota,54,2020,DEM,Y,127355.0
Minnesota,54,2020,REP,H,3750.0
Minnesota,54,2020,REP,S,3880.0
Minnesota,54,2020,REP,Y,5980.0
Missouri,109,2008,DEM,H,250.0
Missouri,109,2008,DEM,Y,4550.0
Missouri,109,2008,REP,Y,7320.0
Missouri,109,2012,DEM,H,500.0
Missouri,109,2012,DEM,S,1400.0
Missouri,109,2012,DEM,Y,8312.0
Missouri,109,2012,REP,Y,1550.0
Missouri,109,2016,DEM,H,450.0
Missouri,109,2016,DEM,P,14773.0
Missouri,109,2016,DEM,S,830.0
Missouri,109,2016,DEM,Y,27340.0
Missouri,109,2016,REP,H,2000.0
Missouri,109,2016,REP,P,422.0
Missouri,109,2016,REP,S,950.0
Missouri,109,2016,REP,Y,1673.0
Missouri,109,2020,DEM,H,4449.0
Missouri,109,2020,DEM,P,29888.0
Missouri,109,2020,DEM,S,39100.0
Missouri,109,2020,DEM,Y,33662.0
Missouri,109,2020,REP,H,5670.0
Missouri,109,2020,REP,S,5385.0
Missouri,109,2020,REP,Y,5513.0
NC State,58,2008,DEM,Y,8150.0
NC State,58,2008,REP,Y,1250.0
NC State,58,2012,DEM,H,250.0
NC State,58,2012,DEM,Y,6175.0
NC State,58,2012,REP,H,250.0
NC State,58,2012,REP,Y,250.0
NC State,58,2016,DEM,P,6018.0
NC State,58,2016,DEM,S,1500.0
NC State,58,2016,DEM,Y,6759.0
NC State,58,2016,REP,H,400.0
NC State,58,2016,REP,P,539.0
NC State,58,2016,REP,Y,200.0
NC State,58,2020,DEM,H,9305.0
NC State,58,2020,DEM,P,8321.0
NC State,58,2020,DEM,S,11739.0
NC State,58,2020,DEM,Y,20847.0
NC State,58,2020,REP,H,4280.0
NC State,58,2020,REP,S,1415.0
NC State,58,2020,REP,Y,2845.0
NJIT,84,2008,DEM,S,250.0
NJIT,84,2008,DEM,Y,1500.0
NJIT,84,2008,REP,H,225.0
NJIT,84,2012,DEM,H,500.0
NJIT,84,2012,DEM,S,200.0
NJIT,84,2012,DEM,Y,2000.0
NJIT,84,2012,REP,H,250.0
NJIT,84,2016,DEM,H,750.0
NJIT,84,2016,DEM,P,2627.0
NJIT,84,2016,DEM,S,2120.0
NJIT,84,2016,DEM,Y,3236.0
NJIT,84,2020,DEM,H,3526.0
NJIT,84,2020,DEM,P,5154.0
NJIT,84,2020,DEM,S,10284.0
NJIT,84,2020,DEM,Y,10006.0
NJIT,84,2020,REP,H,650.0
NJIT,84,2020,REP,S,25.0
NYU,30,2008,DEM,H,8500.0
NYU,30,2008,DEM,S,20271.0
NYU,30,2008,DEM,Y,50275.0
NYU,30,2008,REP,H,8950.0
NYU,30,2008,REP,S,5600.0
NYU,30,2008,REP,Y,7825.0
NYU,30,2012,DEM,H,29500.0
NYU,30,2012,DEM,S,55100.0
NYU,30,2012,DEM,Y,60750.0
NYU,30,2012,REP,H,17050.0
NYU,30,2012,REP,P,325.0
NYU,30,2012,REP,S,2750.0
NYU,30,2012,REP,Y,1940.0
NYU,30,2016,DEM,H,37481.0
NYU,30,2016,DEM,P,74188.0
NYU,30,2016,DEM,S,56522.0
NYU,30,2016,DEM,Y,93347.0
NYU,30,2016,REP,H,6000.0
NYU,30,2016,REP,P,1710.0
NYU,30,2016,REP,S,2300.0
NYU,30,2016,REP,Y,2749.0
NYU,30,2020,DEM,H,167884.0
NYU,30,2020,DEM,P,155901.0
NYU,30,2020,DEM,S,388748.0
NYU,30,2020,DEM,Y,214030.0
NYU,30,2020,REP,H,22409.0
NYU,30,2020,REP,P,1500.0
NYU,30,2020,REP,S,39254.0
NYU,30,2020,REP,Y,29559.0
New Hampshire,109,2008,DEM,Y,250.0
New Hampshire,109,2012,DEM,H,250.0
New Hampshire,109,2012,DEM,Y,1050.0
New Hampshire,109,2016,DEM,H,1250.0
New Hampshire,109,2016,DEM,P,4020.0
New Hampshire,109,2016,DEM,S,8000.0
New Hampshire,109,2016,DEM,Y,5136.0
New Hampshire,109,2020,DEM,H,3900.0
New Hampshire,109,2020,DEM,P,5700.0
New Hampshire,109,2020,DEM,S,27760.0
New Hampshire,109,2020,DEM,Y,8061.0
New Hampshire,109,2020,REP,H,500.0
New Hampshire,109,2020,REP,Y,701.0
North Carolina,27,2008,DEM,H,750.0
North Carolina,27,2008,DEM,Y,19533.0
North Carolina,27,2008,REP,Y,8200.0
North Carolina,27,2012,DEM,H,3750.0
North Carolina,27,2012,DEM,S,7000.0
North Carolina,27,2012,DEM,Y,32154.0
North Carolina,27,2012,REP,H,1000.0
North Carolina,27,2012,REP,S,2000.0
North Carolina,27,2012,REP,Y,250.0
North Carolina,27,2016,DEM,H,6100.0
North Carolina,27,2016,DEM,P,16859.0
North Carolina,27,2016,DEM,S,5754.0
North Carolina,27,2016,DEM,Y,60899.0
North Carolina,27,2016,REP,P,200.0
North Carolina,27,2016,REP,S,500.0
North Carolina,27,2016,REP,Y,680.0
North Carolina,27,2020,DEM,H,18483.0
North Carolina,27,2020,DEM,P,32671.0
North Carolina,27,2020,DEM,S,54903.0
North Carolina,27,2020,DEM,Y,91586.0
North Carolina,27,2020,REP,S,500.0
North Carolina,27,2020,REP,Y,950.0
Northeastern,54,2008,DEM,H,700.0
Northeastern,54,2008,DEM,S,6750.0
Northeastern,54,2008,DEM,Y,13500.0
Northeastern,54,2008,REP,H,500.0
Northeastern,54,2008,REP,Y,400.0
Northeastern,54,2012,DEM,S,30550.0
Northeastern,54,2012,DEM,Y,4130.0
Northeastern,54,2012,REP,S,250.0
Northeastern,54,2012,REP,Y,620.0
Northeastern,54,2016,DEM,H,4050.0
Northeastern,54,2016,DEM,P,7327.0
Northeastern,54,2016,DEM,S,24410.0
Northeastern,54,2016,DEM,Y,9779.0
Northeastern,54,2016,REP,P,400.0
Northeastern,54,2020,DEM,H,11963.0
Northeastern,54,2020,DEM,P,32972.0
Northeastern,54,2020,DEM,S,112103.0
Northeastern,54,2020,DEM,Y,36493.0
Northeastern,54,2020,REP,P,250.0
Northeastern,54,2020,REP,S,267.0
Northeastern,54,2020,REP,Y,590.0
Northwestern,6,2008,DEM,H,17220.0
Northwestern,6,2008,DEM,S,12700.0
Northwestern,6,2008,DEM,Y,20070.0
Northwestern,6,2008,REP,H,250.0
Northwestern,6,2008,REP,Y,1950.0
Northwestern,6,2012,DEM,H,47770.0
Northwestern,6,2012,DEM,S,24900.0
Northwestern,6,2012,DEM,Y,25988.0
Northwestern,6,2012,REP,H,4900.0
Northwestern,6,2012,REP,P,2500.0
Northwestern,6,2012,REP,S,2500.0
Northwestern,6,2012,REP,Y,5235.0
Northwestern,6,2016,DEM,H,63854.0
Northwestern,6,2016,DEM,P,24711.0
Northwestern,6,2016,DEM,S,35509.0
Northwestern,6,2016,DEM,Y,37250.0
Northwestern,6,2016,REP,H,5650.0
Northwestern,6,2016,REP,P,6551.0
Northwestern,6,2016,REP,S,11300.0
Northwestern,6,2016,REP,Y,2927.0
Northwestern,6,2020,DEM,H,130140.0
Northwestern,6,2020,DEM,P,60537.0
Northwestern,6,2020,DEM,S,169932.0
Northwestern,6,2020,DEM,Y,93989.0
Northwestern,6,2020,REP,H,6200.0
Northwestern,6,2020,REP,S,35100.0
Northwestern,6,2020,REP,Y,53680.0
Notre Dame,18,2008,DEM,H,500.0
Notre Dame,18,2008,DEM,S,10300.0
Notre Dame,18,2008,DEM,Y,8040.0
Notre Dame,18,2008,REP,Y,4870.0
Notre Dame,18,2012,DEM,H,1750.0
Notre Dame,18,2012,DEM,S,25200.0
Notre Dame,18,2012,DEM,Y,5245.0
Notre Dame,18,2012,REP,P,1260.0
Notre Dame,18,2012,REP,S,1750.0
Notre Dame,18,2012,REP,Y,200.0
Notre Dame,18,2016,DEM,H,2100.0
Notre Dame,18,2016,DEM,P,8374.0
Notre Dame,18,2016,DEM,S,10918.0
Notre Dame,18,2016,DEM,Y,11615.0
Notre Dame,18,2016,REP,H,200.0
Notre Dame,18,2016,REP,P,7600.0
Notre Dame,18,2016,REP,S,1000.0
Notre Dame,18,2016,REP,Y,1000.0
Notre Dame,18,2020,DEM,H,4045.0
Notre Dame,18,2020,DEM,P,7952.0
Notre Dame,18,2020,DEM,S,18393.0
Notre Dame,18,2020,DEM,Y,20237.0
Notre Dame,18,2020,REP,H,2300.0
Notre Dame,18,2020,REP,S,7000.0
Notre Dame,18,2020,REP,Y,1442.0
Ohio St,41,2008,DEM,H,4500.0
Ohio St,41,2008,DEM,Y,13683.0
Ohio St,41,2008,REP,H,10700.0
Ohio St,41,2008,REP,Y,15418.0
Ohio St,41,2012,DEM,H,24250.0
Ohio St,41,2012,DEM,S,3650.0
Ohio St,41,2012,DEM,Y,20707.0
Ohio St,41,2012,REP,H,5050.0
Ohio St,41,2012,REP,P,500.0
Ohio St,41,2012,REP,S,11770.0
Ohio St,41,2012,REP,Y,7000.0
Ohio St,41,2016,DEM,H,12915.0
Ohio St,41,2016,DEM,P,20811.0
Ohio St,41,2016,DEM,S,18100.0
Ohio St,41,2016,DEM,Y,42021.0
Ohio St,41,2016,REP,H,17150.0
Ohio St,41,2016,REP,P,4550.0
Ohio St,41,2016,REP,S,1975.0
Ohio St,41,2016,REP,Y,3601.0
Ohio St,41,2020,DEM,H,22418.0
Ohio St,41,2020,DEM,P,49574.0
Ohio St,41,2020,DEM,S,69790.0
Ohio St,41,2020,DEM,Y,157269.0
Ohio St,41,2020,REP,H,7928.0
Ohio St,41,2020,REP,S,8772.0
Ohio St,41,2020,REP,Y,13722.0
Oklahoma,132,2008,DEM,H,1500.0
Oklahoma,132,2008,DEM,Y,3684.0
Oklahoma,132,2008,REP,H,1450.0
Oklahoma,132,2008,REP,Y,250.0
Oklahoma,132,2012,DEM,H,2000.0
Oklahoma,132,2012,DEM,S,450.0
Oklahoma,132,2012,DEM,Y,5150.0
Oklahoma,132,2012,REP,H,1750.0
Oklahoma,132,2012,REP,S,4250.0
Oklahoma,132,2012,REP,Y,500.0
Oklahoma,132,2016,DEM,H,500.0
Oklahoma,132,2016,DEM,P,6441.0
Oklahoma,132,2016,DEM,S,1025.0
Oklahoma,132,2016,DEM,Y,11358.0
Oklahoma,132,2016,REP,H,3150.0
Oklahoma,132,2016,REP,P,1225.0
Oklahoma,132,2016,REP,S,7200.0
Oklahoma,132,2016,REP,Y,3420.0
Oklahoma,132,2020,DEM,H,2110.0
Oklahoma,132,2020,DEM,P,17017.0
Oklahoma,132,2020,DEM,S,34096.0
Oklahoma,132,2020,DEM,Y,18443.0
Oklahoma,132,2020,REP,H,6250.0
Oklahoma,132,2020,REP,S,2090.0
Oklahoma,132,2020,REP,Y,2110.0
Oregon,109,2008,DEM,S,7120.0
Oregon,109,2008,DEM,Y,4597.0
Oregon,109,2012,DEM,H,2500.0
Oregon,109,2012,DEM,S,2000.0
Oregon,109,2012,DEM,Y,1400.0
Oregon,109,2012,REP,P,500.0
Oregon,109,2012,REP,S,500.0
Oregon,109,2012,REP,Y,850.0
Oregon,109,2016,DEM,H,500.0
Oregon,109,2016,DEM,P,19428.0
Oregon,109,2016,DEM,S,4709.0
Oregon,109,2016,DEM,Y,7665.0
Oregon,109,2016,REP,P,300.0
Oregon,109,2020,DEM,H,2366.0
Oregon,109,2020,DEM,P,42336.0
Oregon,109,2020,DEM,S,50114.0
Oregon,109,2020,DEM,Y,18918.0
Oregon,109,2020,REP,Y,1235.0
Oregon St,144,2008,DEM,S,3625.0
Oregon St,144,2008,DEM,Y,5950.0
Oregon St,144,2008,REP,Y,915.0
Oregon St,144,2012,DEM,H,3250.0
Oregon St,144,2012,DEM,S,500.0
Oregon St,144,2012,DEM,Y,14574.0
Oregon St,144,2012,REP,P,250.0
Oregon St,144,2012,REP,Y,320.0
Oregon St,144,2016,DEM,H,1175.0
Oregon St,144,2016,DEM,P,10097.0
Oregon St,144,2016,DEM,S,6149.0
Oregon St,144,2016,DEM,Y,13918.0
Oregon St,144,2016,REP,P,55.0
Oregon St,144,2016,REP,S,110.0
Oregon St,144,2016,REP,Y,50.0
Oregon St,144,2020,DEM,H,4310.0
Oregon St,144,2020,DEM,P,21007.0
Oregon St,144,2020,DEM,S,31598.0
Oregon St,144,2020,DEM,Y,24974.0
Oregon St,144,2020,REP,H,4100.0
Oregon St,144,2020,REP,S,1609.0
Oregon St,144,2020,REP,Y,4674.0
Penn,10,2008,DEM,H,13900.0
Penn,10,2008,DEM,S,8590.0
Penn,10,2008,DEM,Y,33200.0
Penn,10,2008,REP,Y,1650.0
Penn,10,2012,DEM,H,16033.0
Penn,10,2012,DEM,S,96260.0
Penn,10,2012,DEM,Y,52788.0
Penn,10,2012,REP,P,1500.0
Penn,10,2012,REP,S,750.0
Penn,10,2012,REP,Y,5910.0
Penn,10,2016,DEM,H,30778.0
Penn,10,2016,DEM,P,32040.0
Penn,10,2016,DEM,S,36581.0
Penn,10,2016,DEM,Y,49533.0
Penn,10,2016,REP,H,1450.0
Penn,10,2016,REP,P,7975.0
Penn,10,2016,REP,S,2700.0
Penn,10,2016,REP,Y,60.0
Penn,10,2020,DEM,H,102074.0
Penn,10,2020,DEM,P,100439.0
Penn,10,2020,DEM,S,223038.0
Penn,10,2020,DEM,Y,152772.0
Penn,10,2020,REP,H,1250.0
Penn,10,2020,REP,P,5600.0
Penn,10,2020,REP,S,6828.0
Penn,10,2020,REP,Y,4826.0
Penn State,63,2008,DEM,Y,713.0
Penn State,63,2008,REP,H,300.0
Penn State,63,2008,REP,Y,1300.0
Penn State,63,2012,DEM,H,1000.0
Penn State,63,2012,DEM,S,4000.0
Penn State,63,2012,DEM,Y,5000.0
Penn State,63,2012,REP,Y,500.0
Penn State,63,2016,DEM,H,2735.0
Penn State,63,2016,DEM,P,2126.0
Penn State,63,2016,DEM,S,3000.0
Penn State,63,2016,DEM,Y,7005.0
Penn State,63,2020,DEM,H,4601.0
Penn State,63,2020,DEM,P,8359.0
Penn State,63,2020,DEM,S,6639.0
Penn State,63,2020,DEM,Y,8327.0
Penn State,63,2020,REP,S,250.0
Penn State,63,2020,REP,Y,545.0
Pepperdine,80,2008,REP,H,300.0
Pepperdine,80,2008,REP,S,500.0
Pepperdine,80,2008,REP,Y,1500.0
Pepperdine,80,2012,DEM,H,1000.0
Pepperdine,80,2016,DEM,H,750.0
Pepperdine,80,2016,DEM,P,902.0
Pepperdine,80,2016,REP,P,289.0
Pepperdine,80,2016,REP,Y,1540.0
Pepperdine,80,2020,DEM,H,283.0
Pepperdine,80,2020,DEM,P,116.0
Pepperdine,80,2020,DEM,S,6312.0
Pepperdine,80,2020,DEM,Y,1291.0
Pepperdine,80,2020,REP,H,750.0
Pepperdine,80,2020,REP,Y,530.0
Pitt,70,2008,DEM,H,2000.0
Pitt,70,2008,DEM,Y,10800.0
Pitt,70,2008,REP,S,300.0
Pitt,70,2008,REP,Y,2970.0
Pitt,70,2012,DEM,H,3800.0
Pitt,70,2012,DEM,S,46950.0
Pitt,70,2012,DEM,Y,15735.0
Pitt,70,2012,REP,P,250.0
Pitt,70,2012,REP,S,250.0
Pitt,70,2012,REP,Y,2400.0
Pitt,70,2016,DEM,H,6916.0
Pitt,70,2016,DEM,P,14800.0
Pitt,70,2016,DEM,S,5700.0
Pitt,70,2016,DEM,Y,29723.0
Pitt,70,2016,REP,H,360.0
Pitt,70,2016,REP,P,2935.0
Pitt,70,2016,REP,Y,4300.0
Pitt,70,2020,DEM,H,19508.0
Pitt,70,2020,DEM,P,37276.0
Pitt,70,2020,DEM,S,107751.0
Pitt,70,2020,DEM,Y,94077.0
Pitt,70,2020,REP,H,1120.0
Pitt,70,2020,REP,S,2000.0
Pitt,70,2020,REP,Y,6772.0
Princeton,1,2008,DEM,H,10100.0
Princeton,1,2008,DEM,S,17725.0
Princeton,1,2008,DEM,Y,58795.0
Princeton,1,2008,REP,H,5100.0
Princeton,1,2008,REP,S,5600.0
Princeton,1,2012,DEM,H,29400.0
Princeton,1,2012,DEM,S,15570.0
Princeton,1,2012,DEM,Y,31399.0
Princeton,1,2012,REP,H,4750.0
Princeton,1,2012,REP,Y,200.0
Princeton,1,2016,DEM,H,32100.0
Princeton,1,2016,DEM,P,18043.0
Princeton,1,2016,DEM,S,20316.0
Princeton,1,2016,DEM,Y,96187.0
Princeton,1,2016,REP,H,1500.0
Princeton,1,2016,REP,P,2635.0
Princeton,1,2020,DEM,H,49342.0
Princeton,1,2020,DEM,P,47357.0
Princeton,1,2020,DEM,S,159529.0
Princeton,1,2020,DEM,Y,109596.0
Princeton,1,2020,REP,H,460.0
Princeton,1,2020,REP,S,1525.0
Princeton,1,2020,REP,Y,1856.0
Purdue,46,2008,DEM,H,3500.0
Purdue,46,2008,DEM,S,2600.0
Purdue,46,2008,DEM,Y,8008.0
Purdue,46,2008,REP,Y,2420.0
Purdue,46,2012,DEM,H,6900.0
Purdue,46,2012,DEM,S,7750.0
Purdue,46,2012,DEM,Y,12712.0
Purdue,46,2012,REP,S,2062.0
Purdue,46,2012,REP,Y,1650.0
Purdue,46,2016,DEM,H,3000.0
Purdue,46,2016,DEM,P,12172.0
Purdue,46,2016,DEM,S,5208.0
Purdue,46,2016,DEM,Y,26718.0
Purdue,46,2016,REP,P,3615.0
Purdue,46,2016,REP,S,21950.0
Purdue,46,2016,REP,Y,685.0
Purdue,46,2020,DEM,H,5142.0
Purdue,46,2020,DEM,P,27184.0
Purdue,46,2020,DEM,S,34444.0
Purdue,46,2020,DEM,Y,31529.0
Purdue,46,2020,REP,H,1095.0
Purdue,46,2020,REP,S,5112.0
Purdue,46,2020,REP,Y,19723.0
RIT,91,2008,DEM,H,225370.0
RIT,91,2008,DEM,S,316614.0
RIT,91,2008,DEM,Y,896626.0
RIT,91,2008,REP,H,235160.0
RIT,91,2008,REP,S,178122.0
RIT,91,2008,REP,Y,1032897.0
RIT,91,2012,DEM,H,436935.0
RIT,91,2012,DEM,P,20103.0
RIT,91,2012,DEM,S,604235.0
RIT,91,2012,DEM,Y,871237.0
RIT,91,2012,REP,H,484218.0
RIT,91,2012,REP,P,91156.0
RIT,91,2012,REP,S,365125.0
RIT,91,2012,REP,Y,1007481.0
RIT,91,2016,DEM,H,577525.0
RIT,91,2016,DEM,P,305621.0
RIT,91,2016,DEM,S,624246.0
RIT,91,2016,DEM,Y,962810.0
RIT,91,2016,REP,H,555891.0
RIT,91,2016,REP,P,365800.0
RIT,91,2016,REP,S,563868.0
RIT,91,2016,REP,Y,1165344.0
RIT,91,2020,DEM,H,1292162.0
RIT,91,2020,DEM,P,598537.0
RIT,91,2020,DEM,S,1927704.0
RIT,91,2020,DEM,Y,1913083.0
RIT,91,2020,REP,H,1033285.0
RIT,91,2020,REP,P,225.0
RIT,91,2020,REP,S,935568.0
RIT,91,2020,REP,Y,1943153.0
RPI,70,2008,DEM,H,8350.0
RPI,70,2008,DEM,S,950.0
RPI,70,2008,DEM,Y,3383.0
RPI,70,2008,REP,H,50500.0
RPI,70,2008,REP,S,3750.0
RPI,70,2008,REP,Y,15245.0
RPI,70,2012,DEM,H,7750.0
RPI,70,2012,DEM,S,5900.0
RPI,70,2012,DEM,Y,18800.0
RPI,70,2012,REP,H,7600.0
RPI,70,2012,REP,P,9543.0
RPI,70,2012,REP,S,2750.0
RPI,70,2012,REP,Y,10725.0
RPI,70,2016,DEM,H,15757.0
RPI,70,2016,DEM,P,15129.0
RPI,70,2016,DEM,S,11140.0
RPI,70,2016,DEM,Y,56345.0
RPI,70,2016,REP,H,25540.0
RPI,70,2016,REP,P,20881.0
RPI,70,2016,REP,S,1750.0
RPI,70,2016,REP,Y,46845.0
RPI,70,2020,DEM,H,27144.0
RPI,70,2020,DEM,P,29532.0
RPI,70,2020,DEM,S,59204.0
RPI,70,2020,DEM,Y,26470.0
RPI,70,2020,REP,H,19385.0
RPI,70,2020,REP,S,18203.0
RPI,70,2020,REP,Y,39945.0
Rice,18,2008,DEM,H,250.0
Rice,18,2008,DEM,S,2550.0
Rice,18,2008,DEM,Y,13255.0
Rice,18,2008,REP,S,200.0
Rice,18,2008,REP,Y,1250.0
Rice,18,2012,DEM,H,250.0
Rice,18,2012,DEM,S,3500.0
Rice,18,2012,DEM,Y,5984.0
Rice,18,2012,REP,H,400.0
Rice,18,2012,REP,S,250.0
Rice,18,2012,REP,Y,2500.0
Rice,18,2016,DEM,H,3455.0
Rice,18,2016,DEM,P,10334.0
Rice,18,2016,DEM,S,11850.0
Rice,18,2016,DEM,Y,16924.0
Rice,18,2016,REP,P,760.0
Rice,18,2016,REP,S,5400.0
Rice,18,2016,REP,Y,130.0
Rice,18,2020,DEM,H,46826.0
Rice,18,2020,DEM,P,21254.0
Rice,18,2020,DEM,S,93936.0
Rice,18,2020,DEM,Y,43608.0
Rice,18,2020,REP,H,229.0
Rice,18,2020,REP,S,7500.0
Rice,18,2020,REP,Y,305.0
Rochester,44,2008,DEM,H,20950.0
Rochester,44,2008,DEM,Y,3100.0
Rochester,44,2008,REP,H,500.0
Rochester,44,2008,REP,Y,750.0
Rochester,44,2012,DEM,H,4750.0
Rochester,44,2012,DEM,S,1600.0
Rochester,44,2012,DEM,Y,11150.0
Rochester,44,2012,REP,Y,480.0
Rochester,44,2016,DEM,H,3135.0
Rochester,44,2016,DEM,P,10474.0
Rochester,44,2016,DEM,S,8988.0
Rochester,44,2016,DEM,Y,10456.0
Rochester,44,2016,REP,P,1070.0
Rochester,44,2016,REP,S,175.0
Rochester,44,2016,REP,Y,800.0
Rochester,44,2020,DEM,H,9964.0
Rochester,44,2020,DEM,P,24458.0
Rochester,44,2020,DEM,S,27087.0
Rochester,44,2020,DEM,Y,39712.0
Rochester,44,2020,REP,H,2250.0
Rochester,44,2020,REP,S,350.0
Rochester,44,2020,REP,Y,2255.0
Rutgers,41,2008,DEM,H,2150.0
Rutgers,41,2008,DEM,S,11550.0
Rutgers,41,2008,DEM,Y,38316.0
Rutgers,41,2008,REP,H,6149.0
Rutgers,41,2008,REP,S,1000.0
Rutgers,41,2008,REP,Y,500.0
Rutgers,41,2012,DEM,H,6500.0
Rutgers,41,2012,DEM,S,21400.0
Rutgers,41,2012,DEM,Y,24457.0
Rutgers,41,2012,REP,H,1500.0
Rutgers,41,2012,REP,P,1000.0
Rutgers,41,2016,DEM,H,25221.0
Rutgers,41,2016,DEM,P,28259.0
Rutgers,41,2016,DEM,S,20055.0
Rutgers,41,2016,DEM,Y,86836.0
Rutgers,41,2016,REP,H,250.0
Rutgers,41,2016,REP,P,685.0
Rutgers,41,2016,REP,Y,1175.0
Rutgers,41,2020,DEM,H,33160.0
Rutgers,41,2020,DEM,P,65711.0
Rutgers,41,2020,DEM,S,129357.0
Rutgers,41,2020,DEM,Y,187509.0
Rutgers,41,2020,REP,H,515.0
Rutgers,41,2020,REP,P,155.0
Rutgers,41,2020,REP,S,1167.0
Rutgers,41,2020,REP,Y,2568.0
Rutgers Camden,98,2012,DEM,S,250.0
Rutgers Camden,98,2016,DEM,H,1500.0
Rutgers Camden,98,2016,DEM,P,35.0
Rutgers Camden,98,2020,DEM,H,1025.0
Rutgers Camden,98,2020,DEM,P,241.0
Rutgers Camden,98,2020,DEM,S,620.0
Rutgers Camden,98,2020,DEM,Y,500.0
Rutgers Camden,98,2020,REP,H,20.0
Rutgers Camden,98,2020,REP,Y,65.0
Rutgers Newark,80,2012,DEM,S,200.0
Rutgers Newark,80,2016,DEM,P,50.0
Rutgers Newark,80,2016,DEM,Y,820.0
Rutgers Newark,80,2020,DEM,H,250.0
Rutgers Newark,80,2020,DEM,P,2672.0
Rutgers Newark,80,2020,DEM,S,483.0
Rutgers Newark,80,2020,DEM,Y,175.0
SMU,91,2008,DEM,H,18000.0
SMU,91,2008,DEM,S,1000.0
SMU,91,2008,DEM,Y,4605.0
SMU,91,2008,REP,H,11340.0
SMU,91,2008,REP,S,1500.0
SMU,91,2008,REP,Y,21370.0
SMU,91,2012,DEM,H,47300.0
SMU,91,2012,DEM,S,10700.0
SMU,91,2012,DEM,Y,20050.0
SMU,91,2012,REP,H,9000.0
SMU,91,2012,REP,P,500.0
SMU,91,2012,REP,S,9150.0
SMU,91,2012,REP,Y,52475.0
SMU,91,2016,DEM,H,78579.0
SMU,91,2016,DEM,P,14905.0
SMU,91,2016,DEM,S,16900.0
SMU,91,2016,DEM,Y,53358.0
SMU,91,2016,REP,H,31050.0
SMU,91,2016,REP,P,14924.0
SMU,91,2016,REP,S,27500.0
SMU,91,2016,REP,Y,57192.0
SMU,91,2020,DEM,H,30368.0
SMU,91,2020,DEM,P,24281.0
SMU,91,2020,DEM,S,56191.0
SMU,91,2020,DEM,Y,31894.0
SMU,91,2020,REP,H,66703.0
SMU,91,2020,REP,S,43395.0
SMU,91,2020,REP,Y,159038.0
Saint Louis,105,2008,DEM,Y,1284.0
Saint Louis,105,2008,REP,Y,1550.0
Saint Louis,105,2012,DEM,H,500.0
Saint Louis,105,2012,DEM,Y,250.0
Saint Louis,105,2012,REP,H,2000.0
Saint Louis,105,2016,DEM,H,300.0
Saint Louis,105,2016,DEM,P,2915.0
Saint Louis,105,2016,DEM,Y,2200.0
Saint Louis,105,2016,REP,H,1250.0
Saint Louis,105,2016,REP,P,1000.0
Saint Louis,105,2016,REP,S,2700.0
Saint Louis,105,2016,REP,Y,1000.0
Saint Louis,105,2020,DEM,H,2450.0
Saint Louis,105,2020,DEM,P,4513.0
Saint Louis,105,2020,DEM,S,11965.0
Saint Louis,105,2020,DEM,Y,5372.0
Saint Louis,105,2020,REP,H,3250.0
Saint Louis,105,2020,REP,S,1075.0
Saint Louis,105,2020,REP,Y,1180.0
San Diego,109,2008,DEM,S,200.0
San Diego,109,2008,DEM,Y,1908.0
San Diego,109,2012,DEM,H,2850.0
San Diego,109,2012,DEM,Y,1800.0
San Diego,109,2012,REP,H,250.0
San Diego,109,2016,DEM,H,1500.0
San Diego,109,2016,DEM,P,914.0
San Diego,109,2016,DEM,S,1250.0
San Diego,109,2016,DEM,Y,873.0
San Diego,109,2016,REP,P,1000.0
San Diego,109,2016,REP,Y,200.0
San Diego,109,2020,DEM,H,2774673.0
San Diego,109,2020,DEM,P,3812.0
San Diego,109,2020,DEM,S,21512.0
San Diego,109,2020,DEM,Y,12097.0
San Diego,109,2020,REP,Y,1250.0
San Diego St,109,2008,DEM,Y,2000.0
San Diego St,109,2012,DEM,H,1000.0
San Diego St,109,2012,DEM,Y,4300.0
San Diego St,109,2016,DEM,H,980.0
San Diego St,109,2016,DEM,P,3858.0
San Diego St,109,2016,DEM,S,615.0
San Diego St,109,2016,DEM,Y,10546.0
San Diego St,109,2016,REP,P,200.0
San Diego St,109,2020,DEM,H,6455.0
San Diego St,109,2020,DEM,P,7072.0
San Diego St,109,2020,DEM,S,8046.0
San Diego St,109,2020,DEM,Y,6918.0
San Diego St,109,2020,REP,H,175.0
San Diego St,109,2020,REP,Y,3377.0
San Francisco,109,2008,DEM,H,3400.0
San Francisco,109,2008,DEM,Y,12500.0
San Francisco,109,2008,REP,Y,300.0
San Francisco,109,2012,DEM,H,700.0
San Francisco,109,2012,DEM,S,1950.0
San Francisco,109,2012,DEM,Y,3050.0
San Francisco,109,2016,DEM,H,363.0
San Francisco,109,2016,DEM,P,4539.0
San Francisco,109,2016,DEM,S,3650.0
San Francisco,109,2016,DEM,Y,6545.0
San Francisco,109,2016,REP,P,1000.0
San Francisco,109,2020,DEM,H,18664.0
San Francisco,109,2020,DEM,P,7652.0
San Francisco,109,2020,DEM,S,7829.0
San Francisco,109,2020,DEM,Y,11746.0
Santa Clara,63,2008,DEM,H,3200.0
Santa Clara,63,2008,DEM,Y,1450.0
Santa Clara,63,2012,DEM,H,3550.0
Santa Clara,63,2012,DEM,S,2030.0
Santa Clara,63,2012,DEM,Y,2783.0
Santa Clara,63,2012,REP,Y,390.0
Santa Clara,63,2016,DEM,H,2575.0
Santa Clara,63,2016,DEM,P,6265.0
Santa Clara,63,2016,DEM,S,1259.0
Santa Clara,63,2016,DEM,Y,7182.0
Santa Clara,63,2020,DEM,H,9560.0
Santa Clara,63,2020,DEM,P,6585.0
Santa Clara,63,2020,DEM,S,47846.0
Santa Clara,63,2020,DEM,Y,23079.0
Santa Clara,63,2020,REP,H,375.0
Santa Clara,63,2020,REP,S,330.0
Santa Clara,63,2020,REP,Y,1906.0
South Carolina,121,2008,DEM,S,3000.0
South Carolina,121,2008,DEM,Y,34400.0
South Carolina,121,2008,REP,H,250.0
South Carolina,121,2008,REP,Y,1000.0
South Carolina,121,2012,DEM,H,1000.0
South Carolina,121,2012,DEM,S,3650.0
South Carolina,121,2012,DEM,Y,3200.0
South Carolina,121,2012,REP,Y,1750.0
South Carolina,121,2016,DEM,H,1500.0
South Carolina,121,2016,DEM,P,3733.0
South Carolina,121,2016,DEM,S,1775.0
South Carolina,121,2016,DEM,Y,5456.0
South Carolina,121,2016,REP,P,3730.0
South Carolina,121,2016,REP,S,2750.0
South Carolina,121,2016,REP,Y,282.0
South Carolina,121,2020,DEM,H,5131.0
South Carolina,121,2020,DEM,P,6930.0
South Carolina,121,2020,DEM,S,59960.0
South Carolina,121,2020,DEM,Y,13984.0
South Carolina,121,2020,REP,H,350.0
South Carolina,121,2020,REP,S,1150.0
South Carolina,121,2020,REP,Y,2979.0
Stanford,4,2008,DEM,H,53951.0
Stanford,4,2008,DEM,S,5840.0
Stanford,4,2008,DEM,Y,137869.0
Stanford,4,2008,REP,S,2300.0
Stanford,4,2008,REP,Y,6850.0
Stanford,4,2012,DEM,H,98550.0
Stanford,4,2012,DEM,S,50150.0
Stanford,4,2012,DEM,Y,85962.0
Stanford,4,2012,REP,H,750.0
Stanford,4,2012,REP,P,11750.0
Stanford,4,2012,REP,Y,64605.0
Stanford,4,2016,DEM,H,89156.0
Stanford,4,2016,DEM,P,55775.0
Stanford,4,2016,DEM,S,64547.0
Stanford,4,2016,DEM,Y,266627.0
Stanford,4,2016,REP,H,1250.0
Stanford,4,2016,REP,P,8735.0
Stanford,4,2016,REP,S,14198.0
Stanford,4,2016,REP,Y,26556.0
Stanford,4,2020,DEM,H,200706.0
Stanford,4,2020,DEM,P,101117.0
Stanford,4,2020,DEM,S,513121.0
Stanford,4,2020,DEM,Y,382105.0
Stanford,4,2020,REP,H,2560.0
Stanford,4,2020,REP,P,500.0
Stanford,4,2020,REP,S,35893.0
Stanford,4,2020,REP,Y,8326.0
Stevens Inst Tech,76,2008,DEM,Y,250.0
Stevens Inst Tech,76,2012,DEM,S,1000.0
Stevens Inst Tech,76,2012,DEM,Y,500.0
Stevens Inst Tech,76,2016,DEM,P,226.0
Stevens Inst Tech,76,2016,DEM,Y,376.0
Stevens Inst Tech,76,2020,DEM,H,540.0
Stevens Inst Tech,76,2020,DEM,P,4080.0
Stevens Inst Tech,76,2020,DEM,S,893.0
Stevens Inst Tech,76,2020,DEM,Y,2640.0
Stony Brook,58,2008,DEM,H,750.0
Stony Brook,58,2008,DEM,Y,1700.0
Stony Brook,58,2012,DEM,H,3000.0
Stony Brook,58,2012,DEM,S,4650.0
Stony Brook,58,2012,DEM,Y,10596.0
Stony Brook,58,2012,REP,Y,1900.0
Stony Brook,58,2016,DEM,H,1750.0
Stony Brook,58,2016,DEM,P,10898.0
Stony Brook,58,2016,DEM,S,650.0
Stony Brook,58,2016,DEM,Y,6665.0
Stony Brook,58,2016,REP,P,365.0
Stony Brook,58,2016,REP,Y,265.0
Stony Brook,58,2020,DEM,H,1289.0
Stony Brook,58,2020,DEM,P,15935.0
Stony Brook,58,2020,DEM,S,28028.0
Stony Brook,58,2020,DEM,Y,27889.0
Stony Brook,58,2020,REP,H,20.0
Stony Brook,58,2020,REP,S,250.0
Stony Brook,58,2020,REP,Y,1261.0
Syracuse,73,2008,DEM,S,600.0
Syracuse,73,2008,DEM,Y,3832.0
Syracuse,73,2008,REP,H,1500.0
Syracuse,73,2008,REP,S,1000.0
Syracuse,73,2008,REP,Y,900.0
Syracuse,73,2012,DEM,H,2150.0
Syracuse,73,2012,DEM,S,3000.0
Syracuse,73,2012,DEM,Y,4675.0
Syracuse,73,2012,REP,S,3500.0
Syracuse,73,2012,REP,Y,250.0
Syracuse,73,2016,DEM,H,5000.0
Syracuse,73,2016,DEM,P,4228.0
Syracuse,73,2016,DEM,S,2300.0
Syracuse,73,2016,DEM,Y,7976.0
Syracuse,73,2016,REP,H,1250.0
Syracuse,73,2016,REP,P,25.0
Syracuse,73,2016,REP,S,2000.0
Syracuse,73,2020,DEM,H,2595.0
Syracuse,73,2020,DEM,P,14718.0
Syracuse,73,2020,DEM,S,15459.0
Syracuse,73,2020,DEM,Y,14376.0
Syracuse,73,2020,REP,H,1470.0
Syracuse,73,2020,REP,S,2000.0
Syracuse,73,2020,REP,Y,1506.0
TCU,105,2008,DEM,Y,200.0
TCU,105,2008,REP,H,700.0
TCU,105,2008,REP,Y,200.0
TCU,105,2012,DEM,H,8000.0
TCU,105,2012,DEM,S,2500.0
TCU,105,2012,DEM,Y,684.0
TCU,105,2012,REP,H,6550.0
TCU,105,2012,REP,P,202.0
TCU,105,2012,REP,Y,1000.0
TCU,105,2016,DEM,H,3000.0
TCU,105,2016,DEM,P,3134.0
TCU,105,2016,DEM,S,125.0
TCU,105,2016,DEM,Y,5555.0
TCU,105,2016,REP,H,1000.0
TCU,105,2016,REP,P,4641.0
TCU,105,2016,REP,Y,351.0
TCU,105,2020,DEM,H,550.0
TCU,105,2020,DEM,P,5354.0
TCU,105,2020,DEM,S,8136.0
TCU,105,2020,DEM,Y,6974.0
TCU,105,2020,REP,H,1591.0
TCU,105,2020,REP,P,320.0
TCU,105,2020,REP,S,2742.0
TCU,105,2020,REP,Y,6775.0
Temple,98,2008,DEM,H,500.0
Temple,98,2008,DEM,S,4500.0
Temple,98,2008,DEM,Y,8528.0
Temple,98,2008,REP,Y,2950.0
Temple,98,2012,DEM,S,29000.0
Temple,98,2012,DEM,Y,42124.0
Temple,98,2012,REP,P,750.0
Temple,98,2012,REP,Y,2550.0
Temple,98,2016,DEM,H,7190.0
Temple,98,2016,DEM,P,10364.0
Temple,98,2016,DEM,S,26074.0
Temple,98,2016,DEM,Y,113872.0
Temple,98,2016,REP,H,5650.0
Temple,98,2016,REP,P,6400.0
Temple,98,2016,REP,S,1015.0
Temple,98,2016,REP,Y,2541.0
Temple,98,2020,DEM,H,23738.0
Temple,98,2020,DEM,P,32292.0
Temple,98,2020,DEM,S,58441.0
Temple,98,2020,DEM,Y,118427.0
Temple,98,2020,REP,H,1988.0
Temple,98,2020,REP,S,3734.0
Temple,98,2020,REP,Y,13773.0
Tennessee,109,2008,DEM,H,3450.0
Tennessee,109,2008,DEM,S,250.0
Tennessee,109,2008,DEM,Y,3505.0
Tennessee,109,2008,REP,S,250.0
Tennessee,109,2008,REP,Y,3826.0
Tennessee,109,2012,DEM,H,250.0
Tennessee,109,2012,DEM,S,1000.0
Tennessee,109,2012,DEM,Y,6525.0
Tennessee,109,2012,REP,P,500.0
Tennessee,109,2012,REP,S,4000.0
Tennessee,109,2012,REP,Y,12800.0
Tennessee,109,2016,DEM,H,365.0
Tennessee,109,2016,DEM,P,7280.0
Tennessee,109,2016,DEM,S,1359.0
Tennessee,109,2016,DEM,Y,12205.0
Tennessee,109,2016,REP,H,1000.0
Tennessee,109,2016,REP,P,645.0
Tennessee,109,2016,REP,S,3643.0
Tennessee,109,2016,REP,Y,22479.0
Tennessee,109,2020,DEM,H,2290.0
Tennessee,109,2020,DEM,P,10519.0
Tennessee,109,2020,DEM,S,23953.0
Tennessee,109,2020,DEM,Y,40523.0
Tennessee,109,2020,REP,H,6050.0
Tennessee,109,2020,REP,S,4745.0
Tennessee,109,2020,REP,Y,7204.0
Texas A&M,51,2008,DEM,H,3255.0
Texas A&M,51,2008,DEM,S,1000.0
Texas A&M,51,2008,DEM,Y,2400.0
Texas A&M,51,2008,REP,H,200.0
Texas A&M,51,2008,REP,S,4105.0
Texas A&M,51,2008,REP,Y,4900.0
Texas A&M,51,2012,DEM,H,6950.0
Texas A&M,51,2012,DEM,Y,2300.0
Texas A&M,51,2012,REP,H,1150.0
Texas A&M,51,2012,REP,P,2000.0
Texas A&M,51,2012,REP,Y,2851.0
Texas A&M,51,2016,DEM,H,3200.0
Texas A&M,51,2016,DEM,P,8171.0
Texas A&M,51,2016,DEM,S,550.0
Texas A&M,51,2016,DEM,Y,16836.0
Texas A&M,51,2016,REP,H,500.0
Texas A&M,51,2016,REP,P,6746.0
Texas A&M,51,2016,REP,S,1325.0
Texas A&M,51,2016,REP,Y,2520.0
Texas A&M,51,2020,DEM,H,3879.0
Texas A&M,51,2020,DEM,P,15558.0
Texas A&M,51,2020,DEM,S,39803.0
Texas A&M,51,2020,DEM,Y,39482.0
Texas A&M,51,2020,REP,H,2840.0
Texas A&M,51,2020,REP,S,2157.0
Texas A&M,51,2020,REP,Y,9223.0
Thomas Jefferson,136,2008,DEM,S,750.0
Thomas Jefferson,136,2008,DEM,Y,2500.0
Thomas Jefferson,136,2008,REP,Y,550.0
Thomas Jefferson,136,2012,DEM,S,5650.0
Thomas Jefferson,136,2012,DEM,Y,500.0
Thomas Jefferson,136,2012,REP,Y,3016.0
Thomas Jefferson,136,2016,DEM,H,5700.0
Thomas Jefferson,136,2016,DEM,P,3091.0
Thomas Jefferson,136,2016,DEM,Y,6642.0
Thomas Jefferson,136,2016,REP,H,1100.0
Thomas Jefferson,136,2016,REP,P,620.0
Thomas Jefferson,136,2020,DEM,H,18719.0
Thomas Jefferson,136,2020,DEM,P,9890.0
Thomas Jefferson,136,2020,DEM,S,20654.0
Thomas Jefferson,136,2020,DEM,Y,16685.0
Thomas Jefferson,136,2020,REP,H,1250.0
Thomas Jefferson,136,2020,REP,Y,753.0
Tufts,37,2008,DEM,H,7550.0
Tufts,37,2008,DEM,S,17550.0
Tufts,37,2008,DEM,Y,59112.0
Tufts,37,2008,REP,H,2000.0
Tufts,37,2012,DEM,H,4480.0
Tufts,37,2012,DEM,P,500.0
Tufts,37,2012,DEM,S,30100.0
Tufts,37,2012,DEM,Y,41300.0
Tufts,37,2012,REP,Y,250.0
Tufts,37,2016,DEM,H,24502.0
Tufts,37,2016,DEM,P,9853.0
Tufts,37,2016,DEM,S,54129.0
Tufts,37,2016,DEM,Y,24656.0
Tufts,37,2016,REP,H,2700.0
Tufts,37,2016,REP,P,3000.0
Tufts,37,2020,DEM,H,73043.0
Tufts,37,2020,DEM,P,35970.0
Tufts,37,2020,DEM,S,163012.0
Tufts,37,2020,DEM,Y,112266.0
Tufts,37,2020,REP,H,50.0
Tufts,37,2020,REP,S,1000.0
Tufts,37,2020,REP,Y,1500.0
Tulane,63,2008,DEM,H,750.0
Tulane,63,2008,DEM,Y,3737.0
Tulane,63,2008,REP,H,1250.0
Tulane,63,2008,REP,Y,500.0
Tulane,63,2012,DEM,S,2650.0
Tulane,63,2012,DEM,Y,5250.0
Tulane,63,2012,REP,P,250.0
Tulane,63,2012,REP,Y,240.0
Tulane,63,2016,DEM,H,1250.0
Tulane,63,2016,DEM,P,4176.0
Tulane,63,2016,DEM,S,819.0
Tulane,63,2016,DEM,Y,36633.0
Tulane,63,2016,REP,H,5900.0
Tulane,63,2016,REP,P,595.0
Tulane,63,2016,REP,S,9900.0
Tulane,63,2016,REP,Y,720.0
Tulane,63,2020,DEM,H,2685.0
Tulane,63,2020,DEM,P,8258.0
Tulane,63,2020,DEM,S,14753.0
Tulane,63,2020,DEM,Y,16953.0
Tulane,63,2020,REP,H,1450.0
Tulane,63,2020,REP,S,4300.0
Tulane,63,2020,REP,Y,5954.0
U of Miami,63,2008,DEM,H,9100.0
U of Miami,63,2008,DEM,S,2550.0
U of Miami,63,2008,DEM,Y,7716.0
U of Miami,63,2008,REP,H,3650.0
U of Miami,63,2008,REP,Y,7525.0
U of Miami,63,2012,DEM,H,5500.0
U of Miami,63,2012,DEM,S,10050.0
U of Miami,63,2012,DEM,Y,9647.0
U of Miami,63,2012,REP,H,1500.0
U of Miami,63,2012,REP,S,1250.0
U of Miami,63,2012,REP,Y,4750.0
U of Miami,63,2016,DEM,H,10500.0
U of Miami,63,2016,DEM,P,11389.0
U of Miami,63,2016,DEM,S,5415.0
U of Miami,63,2016,DEM,Y,26934.0
U of Miami,63,2016,REP,H,5625.0
U of Miami,63,2016,REP,P,6760.0
U of Miami,63,2016,REP,S,4135.0
U of Miami,63,2016,REP,Y,1685.0
U of Miami,63,2020,DEM,H,10606.0
U of Miami,63,2020,DEM,P,16447.0
U of Miami,63,2020,DEM,S,48448.0
U of Miami,63,2020,DEM,Y,74455.0
U of Miami,63,2020,REP,H,12068.0
U of Miami,63,2020,REP,S,11100.0
U of Miami,63,2020,REP,Y,11496.0
UAB,136,2008,DEM,H,500.0
UAB,136,2008,DEM,Y,3275.0
UAB,136,2008,REP,H,250.0
UAB,136,2008,REP,S,5650.0
UAB,136,2008,REP,Y,1500.0
UAB,136,2012,DEM,H,2950.0
UAB,136,2012,DEM,Y,4851.0
UAB,136,2012,REP,H,1500.0
UAB,136,2012,REP,P,500.0
UAB,136,2012,REP,Y,1770.0
UAB,136,2016,DEM,H,3625.0
UAB,136,2016,DEM,P,3476.0
UAB,136,2016,DEM,S,750.0
UAB,136,2016,DEM,Y,14022.0
UAB,136,2016,REP,H,2150.0
UAB,136,2016,REP,P,1720.0
UAB,136,2016,REP,Y,1095.0
UAB,136,2020,DEM,H,10640.0
UAB,136,2020,DEM,P,8617.0
UAB,136,2020,DEM,S,49451.0
UAB,136,2020,DEM,Y,34970.0
UAB,136,2020,REP,H,4650.0
UAB,136,2020,REP,S,10170.0
UAB,136,2020,REP,Y,7990.0
UC Berkeley,17,2008,DEM,H,16155.0
UC Berkeley,17,2008,DEM,S,4900.0
UC Berkeley,17,2008,DEM,Y,45720.0
UC Berkeley,17,2008,REP,Y,1225.0
UC Berkeley,17,2012,DEM,H,44646.0
UC Berkeley,17,2012,DEM,S,19400.0
UC Berkeley,17,2012,DEM,Y,43056.0
UC Berkeley,17,2012,REP,P,250.0
UC Berkeley,17,2016,DEM,H,35734.0
UC Berkeley,17,2016,DEM,P,37265.0
UC Berkeley,17,2016,DEM,S,22327.0
UC Berkeley,17,2016,DEM,Y,62616.0
UC Berkeley,17,2016,REP,H,250.0
UC Berkeley,17,2016,REP,P,625.0
UC Berkeley,17,2016,REP,Y,175.0
UC Berkeley,17,2020,DEM,H,91375.0
UC Berkeley,17,2020,DEM,P,133261.0
UC Berkeley,17,2020,DEM,S,287057.0
UC Berkeley,17,2020,DEM,Y,121748.0
UC Berkeley,17,2020,REP,H,3107.0
UC Berkeley,17,2020,REP,S,2680.0
UC Berkeley,17,2020,REP,Y,2180.0
UC Davis,33,2008,DEM,H,12750.0
UC Davis,33,2008,DEM,Y,9783.0
UC Davis,33,2008,REP,Y,460.0
UC Davis,33,2012,DEM,H,91905.0
UC Davis,33,2012,DEM,S,500.0
UC Davis,33,2012,DEM,Y,20687.0
UC Davis,33,2012,REP,P,250.0
UC Davis,33,2012,REP,S,2500.0
UC Davis,33,2016,DEM,H,65789.0
UC Davis,33,2016,DEM,P,30705.0
UC Davis,33,2016,DEM,S,13680.0
UC Davis,33,2016,DEM,Y,41929.0
UC Davis,33,2016,REP,P,300.0
UC Davis,33,2016,REP,S,250.0
UC Davis,33,2016,REP,Y,2501.0
UC Davis,33,2020,DEM,H,54953.0
UC Davis,33,2020,DEM,P,67910.0
UC Davis,33,2020,DEM,S,105689.0
UC Davis,33,2020,DEM,Y,107898.0
UC Davis,33,2020,REP,H,4370.0
UC Davis,33,2020,REP,S,417.0
UC Davis,33,2020,REP,Y,1603.0
UC Irvine,33,2008,DEM,H,2750.0
UC Irvine,33,2008,DEM,S,1500.0
UC Irvine,33,2008,DEM,Y,6955.0
UC Irvine,33,2008,REP,Y,1250.0
UC Irvine,33,2012,DEM,H,6350.0
UC Irvine,33,2012,DEM,S,1700.0
UC Irvine,33,2012,DEM,Y,6000.0
UC Irvine,33,2012,REP,H,250.0
UC Irvine,33,2012,REP,P,250.0
UC Irvine,33,2016,DEM,H,4082.0
UC Irvine,33,2016,DEM,P,6701.0
UC Irvine,33,2016,DEM,S,4755.0
UC Irvine,33,2016,DEM,Y,8352.0
UC Irvine,33,2016,REP,P,2060.0
UC Irvine,33,2016,REP,Y,301.0
UC Irvine,33,2020,DEM,H,15899.0
UC Irvine,33,2020,DEM,P,29232.0
UC Irvine,33,2020,DEM,S,35721.0
UC Irvine,33,2020,DEM,Y,22782.0
UC Irvine,33,2020,REP,H,1840.0
UC Irvine,33,2020,REP,S,300.0
UC Irvine,33,2020,REP,Y,2245.0
UC Merced,58,2016,DEM,P,182.0
UC Merced,58,2020,DEM,P,1093.0
UC Merced,58,2020,DEM,S,1250.0
UC Merced,58,2020,DEM,Y,1125.0
UC Merced,58,2020,REP,Y,50.0
UC Riverside,76,2012,DEM,H,4050.0
UC Riverside,76,2012,DEM,S,450.0
UC Riverside,76,2012,DEM,Y,1200.0
UC Riverside,76,2016,DEM,H,5463.0
UC Riverside,76,2016,DEM,P,3703.0
UC Riverside,76,2016,DEM,S,1050.0
UC Riverside,76,2016,DEM,Y,5644.0
UC Riverside,76,2020,DEM,H,3242.0
UC Riverside,76,2020,DEM,P,4757.0
UC Riverside,76,2020,DEM,S,14699.0
UC Riverside,76,2020,DEM,Y,9004.0
UC San Diego,29,2008,DEM,H,250.0
UC San Diego,29,2008,DEM,Y,3451.0
UC San Diego,29,2012,DEM,H,5000.0
UC San Diego,29,2012,DEM,S,4500.0
UC San Diego,29,2012,DEM,Y,4550.0
UC San Diego,29,2012,REP,P,250.0
UC San Diego,29,2016,DEM,H,12119.0
UC San Diego,29,2016,DEM,P,13113.0
UC San Diego,29,2016,DEM,S,4380.0
UC San Diego,29,2016,DEM,Y,15834.0
UC San Diego,29,2016,REP,P,2025.0
UC San Diego,29,2016,REP,S,2000.0
UC San Diego,29,2016,REP,Y,1440.0
UC San Diego,29,2020,DEM,H,32124.0
UC San Diego,29,2020,DEM,P,22971.0
UC San Diego,29,2020,DEM,S,57077.0
UC San Diego,29,2020,DEM,Y,60946.0
UC San Diego,29,2020,REP,S,650.0
UC San Diego,29,2020,REP,Y,7910.0
UC Santa Barbara,39,2008,DEM,H,1650.0
UC Santa Barbara,39,2008,DEM,Y,250.0
UC Santa Barbara,39,2008,REP,H,300.0
UC Santa Barbara,39,2008,REP,Y,1620.0
UC Santa Barbara,39,2012,DEM,H,1500.0
UC Santa Barbara,39,2012,DEM,Y,1162.0
UC Santa Barbara,39,2016,DEM,H,7150.0
UC Santa Barbara,39,2016,DEM,P,3649.0
UC Santa Barbara,39,2016,DEM,S,1179.0
UC Santa Barbara,39,2016,DEM,Y,2670.0
UC Santa Barbara,39,2020,DEM,H,1350.0
UC Santa Barbara,39,2020,DEM,P,17870.0
UC Santa Barbara,39,2020,DEM,S,12718.0
UC Santa Barbara,39,2020,DEM,Y,8505.0
UC Santa Barbara,39,2020,REP,Y,300.0
UC Santa Cruz,84,2008,DEM,Y,1000.0
UC Santa Cruz,84,2012,DEM,H,500.0
UC Santa Cruz,84,2012,DEM,S,400.0
UC Santa Cruz,84,2016,DEM,P,526.0
UC Santa Cruz,84,2016,DEM,S,600.0
UC Santa Cruz,84,2016,DEM,Y,11459.0
UC Santa Cruz,84,2020,DEM,H,3772.0
UC Santa Cruz,84,2020,DEM,P,8538.0
UC Santa Cruz,84,2020,DEM,S,8716.0
UC Santa Cruz,84,2020,DEM,Y,2600.0
UCF,121,2008,DEM,H,500.0
UCF,121,2008,DEM,S,500.0
UCF,121,2008,DEM,Y,1000.0
UCF,121,2008,REP,Y,950.0
UCF,121,2012,DEM,S,300.0
UCF,121,2012,DEM,Y,4650.0
UCF,121,2012,REP,H,1250.0
UCF,121,2012,REP,Y,1450.0
UCF,121,2016,DEM,H,570.0
UCF,121,2016,DEM,P,5172.0
UCF,121,2016,DEM,S,160.0
UCF,121,2016,DEM,Y,4689.0
UCF,121,2016,REP,H,500.0
UCF,121,2016,REP,P,415.0
UCF,121,2016,REP,Y,289.0
UCF,121,2020,DEM,H,1500.0
UCF,121,2020,DEM,P,8933.0
UCF,121,2020,DEM,S,11516.0
UCF,121,2020,DEM,Y,10738.0
UCF,121,2020,REP,H,1250.0
UCF,121,2020,REP,S,850.0
UCF,121,2020,REP,Y,1683.0
UCLA,15,2008,DEM,H,5250.0
UCLA,15,2008,DEM,S,12615.0
UCLA,15,2008,DEM,Y,124325.0
UCLA,15,2008,REP,H,4850.0
UCLA,15,2008,REP,S,250.0
UCLA,15,2008,REP,Y,5361.0
UCLA,15,2012,DEM,H,29400.0
UCLA,15,2012,DEM,S,51750.0
UCLA,15,2012,DEM,Y,75511.0
UCLA,15,2012,REP,H,3450.0
UCLA,15,2012,REP,S,2800.0
UCLA,15,2012,REP,Y,6000.0
UCLA,15,2016,DEM,H,64848.0
UCLA,15,2016,DEM,P,63550.0
UCLA,15,2016,DEM,S,71404.0
UCLA,15,2016,DEM,Y,138852.0
UCLA,15,2016,REP,H,2400.0
UCLA,15,2016,REP,P,13958.0
UCLA,15,2016,REP,S,7000.0
UCLA,15,2016,REP,Y,4895.0
UCLA,15,2020,DEM,H,105830.0
UCLA,15,2020,DEM,P,133837.0
UCLA,15,2020,DEM,S,319270.0
UCLA,15,2020,DEM,Y,233902.0
UCLA,15,2020,REP,H,13372.0
UCLA,15,2020,REP,S,8432.0
UCLA,15,2020,REP,Y,17037.0
UMBC,144,2008,DEM,H,250.0
UMBC,144,2008,DEM,Y,8000.0
UMBC,144,2012,DEM,S,1750.0
UMBC,144,2012,DEM,Y,11150.0
UMBC,144,2016,DEM,P,622.0
UMBC,144,2016,DEM,S,735.0
UMBC,144,2016,DEM,Y,6221.0
UMBC,144,2016,REP,Y,801.0
UMBC,144,2020,DEM,H,1150.0
UMBC,144,2020,DEM,P,2579.0
UMBC,144,2020,DEM,S,10007.0
UMBC,144,2020,DEM,Y,13691.0
UMBC,144,2020,REP,H,850.0
UMBC,144,2020,REP,Y,790.0
UMass Amherst,58,2012,DEM,H,4500.0
UMass Amherst,58,2012,DEM,S,7850.0
UMass Amherst,58,2012,DEM,Y,2100.0
UMass Amherst,58,2016,DEM,H,6675.0
UMass Amherst,58,2016,DEM,P,17550.0
UMass Amherst,58,2016,DEM,S,1425.0
UMass Amherst,58,2016,DEM,Y,1075.0
UMass Amherst,58,2016,REP,Y,170.0
UMass Amherst,58,2020,DEM,H,2079.0
UMass Amherst,58,2020,DEM,P,31166.0
UMass Amherst,58,2020,DEM,S,23969.0
UMass Amherst,58,2020,DEM,Y,8097.0
USC,27,2008,DEM,H,69736.0
USC,27,2008,DEM,S,31456.0
USC,27,2008,DEM,Y,74517.0
USC,27,2008,REP,H,22150.0
USC,27,2008,REP,S,2950.0
USC,27,2008,REP,Y,93836.0
USC,27,2012,DEM,H,89250.0
USC,27,2012,DEM,P,1000.0
USC,27,2012,DEM,S,48364.0
USC,27,2012,DEM,Y,117010.0
USC,27,2012,REP,H,61699.0
USC,27,2012,REP,P,7350.0
USC,27,2012,REP,S,21250.0
USC,27,2012,REP,Y,27805.0
USC,27,2016,DEM,H,70410.0
USC,27,2016,DEM,P,60580.0
USC,27,2016,DEM,S,53739.0
USC,27,2016,DEM,Y,182714.0
USC,27,2016,REP,H,51896.0
USC,27,2016,REP,P,27543.0
USC,27,2016,REP,S,45850.0
USC,27,2016,REP,Y,265046.0
USC,27,2020,DEM,H,132388.0
USC,27,2020,DEM,P,105909.0
USC,27,2020,DEM,S,411540.0
USC,27,2020,DEM,Y,348906.0
USC,27,2020,REP,H,141612.0
USC,27,2020,REP,P,2800.0
USC,27,2020,REP,S,84148.0
USC,27,2020,REP,Y,81417.0
USF,91,2008,DEM,H,18150.0
USF,91,2008,DEM,S,3942.0
USF,91,2008,DEM,Y,9382.0
USF,91,2008,REP,H,750.0
USF,91,2008,REP,S,450.0
USF,91,2008,REP,Y,3225.0
USF,91,2012,DEM,H,18893.0
USF,91,2012,DEM,S,3450.0
USF,91,2012,DEM,Y,2944.0
USF,91,2012,REP,H,4800.0
USF,91,2012,REP,P,4750.0
USF,91,2012,REP,S,2000.0
USF,91,2012,REP,Y,3050.0
USF,91,2016,DEM,H,19803.0
USF,91,2016,DEM,P,13901.0
USF,91,2016,DEM,S,1860.0
USF,91,2016,DEM,Y,45295.0
USF,91,2016,REP,H,8800.0
USF,91,2016,REP,P,485.0
USF,91,2016,REP,S,100.0
USF,91,2016,REP,Y,678.0
USF,91,2020,DEM,H,18052.0
USF,91,2020,DEM,P,21260.0
USF,91,2020,DEM,S,30846.0
USF,91,2020,DEM,Y,24062.0
USF,91,2020,REP,H,7055.0
USF,91,2020,REP,S,1046.0
USF,91,2020,REP,Y,16870.0
UT Austin,30,2008,DEM,H,2500.0
UT Austin,30,2008,DEM,Y,9841.0
UT Austin,30,2012,DEM,H,6325.0
UT Austin,30,2012,DEM,S,1950.0
UT Austin,30,2012,DEM,Y,14620.0
UT Austin,30,2012,REP,P,1250.0
UT Austin,30,2012,REP,S,1250.0
UT Austin,30,2012,REP,Y,1000.0
UT Austin,30,2016,DEM,H,8071.0
UT Austin,30,2016,DEM,P,16908.0
UT Austin,30,2016,DEM,S,2850.0
UT Austin,30,2016,DEM,Y,18268.0
UT Austin,30,2016,REP,P,5710.0
UT Austin,30,2016,REP,S,1150.0
UT Austin,30,2016,REP,Y,476.0
UT Austin,30,2020,DEM,H,22453.0
UT Austin,30,2020,DEM,P,33683.0
UT Austin,30,2020,DEM,S,79893.0
UT Austin,30,2020,DEM,Y,53513.0
UT Austin,30,2020,REP,H,7515.0
UT Austin,30,2020,REP,S,4821.0
UT Austin,30,2020,REP,Y,7370.0
UT Dallas,109,2008,DEM,H,21450.0
UT Dallas,109,2008,DEM,S,24696.0
UT Dallas,109,2008,DEM,Y,35746.0
UT Dallas,109,2008,REP,H,6300.0
UT Dallas,109,2008,REP,S,13932.0
UT Dallas,109,2008,REP,Y,34370.0
UT Dallas,109,2012,DEM,H,53150.0
UT Dallas,109,2012,DEM,P,5000.0
UT Dallas,109,2012,DEM,S,43750.0
UT Dallas,109,2012,DEM,Y,41975.0
UT Dallas,109,2012,REP,H,30550.0
UT Dallas,109,2012,REP,P,3250.0
UT Dallas,109,2012,REP,S,31950.0
UT Dallas,109,2012,REP,Y,43420.0
UT Dallas,109,2016,DEM,H,43732.0
UT Dallas,109,2016,DEM,P,8710.0
UT Dallas,109,2016,DEM,S,54020.0
UT Dallas,109,2016,DEM,Y,43903.0
UT Dallas,109,2016,REP,H,47090.0
UT Dallas,109,2016,REP,P,14281.0
UT Dallas,109,2016,REP,S,43000.0
UT Dallas,109,2016,REP,Y,48154.0
UT Dallas,109,2020,DEM,H,48047.0
UT Dallas,109,2020,DEM,P,18029.0
UT Dallas,109,2020,DEM,S,30543.0
UT Dallas,109,2020,DEM,Y,18639.0
UT Dallas,109,2020,REP,H,79372.0
UT Dallas,109,2020,REP,S,70306.0
UT Dallas,109,2020,REP,Y,73860.0
UW Madison,39,2008,DEM,H,18300.0
UW Madison,39,2008,DEM,S,8250.0
UW Madison,39,2008,DEM,Y,13290.0
UW Madison,39,2008,REP,Y,300.0
UW Madison,39,2012,DEM,H,14000.0
UW Madison,39,2012,DEM,S,53225.0
UW Madison,39,2012,DEM,Y,18075.0
UW Madison,39,2012,REP,H,500.0
UW Madison,39,2016,DEM,H,12444.0
UW Madison,39,2016,DEM,P,26204.0
UW Madison,39,2016,DEM,S,12167.0
UW Madison,39,2016,DEM,Y,31134.0
UW Madison,39,2016,REP,H,300.0
UW Madison,39,2016,REP,S,885.0
UW Madison,39,2016,REP,Y,976.0
UW Madison,39,2020,DEM,H,11427.0
UW Madison,39,2020,DEM,P,44536.0
UW Madison,39,2020,DEM,S,48494.0
UW Madison,39,2020,DEM,Y,118333.0
UW Madison,39,2020,REP,H,1775.0
UW Madison,39,2020,REP,S,400.0
UW Madison,39,2020,REP,Y,1922.0
Univ at Albany,121,2008,DEM,Y,1250.0
Univ at Albany,121,2012,DEM,H,3250.0
Univ at Albany,121,2012,DEM,Y,250.0
Univ at Albany,121,2016,DEM,H,500.0
Univ at Albany,121,2016,DEM,P,3793.0
Univ at Albany,121,2016,DEM,S,425.0
Univ at Albany,121,2016,DEM,Y,357.0
Univ at Albany,121,2020,DEM,H,25.0
Univ at Albany,121,2020,DEM,P,6576.0
Univ at Albany,121,2020,DEM,S,8267.0
Univ at Albany,121,2020,DEM,Y,5292.0
Univ at Albany,121,2020,REP,Y,1218.0
Univ at Buffalo,76,2008,DEM,Y,250.0
Univ at Buffalo,76,2008,REP,Y,750.0
Univ at Buffalo,76,2012,DEM,S,1200.0
Univ at Buffalo,76,2012,DEM,Y,1250.0
Univ at Buffalo,76,2016,DEM,H,565.0
Univ at Buffalo,76,2016,DEM,P,8358.0
Univ at Buffalo,76,2016,DEM,S,221.0
Univ at Buffalo,76,2016,DEM,Y,6258.0
Univ at Buffalo,76,2020,DEM,H,2615.0
Univ at Buffalo,76,2020,DEM,P,18897.0
Univ at Buffalo,76,2020,DEM,S,6489.0
Univ at Buffalo,76,2020,DEM,Y,16256.0
Univ at Buffalo,76,2020,REP,S,365.0
Utah,136,2008,DEM,H,4050.0
Utah,136,2008,DEM,S,2400.0
Utah,136,2008,DEM,Y,8721.0
Utah,136,2008,REP,H,200.0
Utah,136,2008,REP,Y,1670.0
Utah,136,2012,DEM,H,2351.0
Utah,136,2012,DEM,S,3450.0
Utah,136,2012,DEM,Y,10850.0
Utah,136,2012,REP,H,500.0
Utah,136,2012,REP,Y,1000.0
Utah,136,2016,DEM,H,1550.0
Utah,136,2016,DEM,P,34137.0
Utah,136,2016,DEM,S,1608.0
Utah,136,2016,DEM,Y,32210.0
Utah,136,2016,REP,H,250.0
Utah,136,2016,REP,P,410.0
Utah,136,2016,REP,Y,89.0
Utah,136,2020,DEM,H,68511.0
Utah,136,2020,DEM,P,35601.0
Utah,136,2020,DEM,S,79545.0
Utah,136,2020,DEM,Y,66951.0
Utah,136,2020,REP,H,16957.0
Utah,136,2020,REP,S,400.0
Utah,136,2020,REP,Y,6847.0
VCU,136,2008,DEM,H,500.0
VCU,136,2008,DEM,S,11550.0
VCU,136,2008,DEM,Y,8597.0
VCU,136,2008,REP,H,250.0
VCU,136,2008,REP,S,1000.0
VCU,136,2008,REP,Y,3060.0
VCU,136,2012,DEM,H,500.0
VCU,136,2012,DEM,S,39450.0
VCU,136,2012,DEM,Y,10099.0
VCU,136,2012,REP,H,500.0
VCU,136,2012,REP,Y,250.0
VCU,136,2016,DEM,P,8642.0
VCU,136,2016,DEM,S,1942.0
VCU,136,2016,DEM,Y,11663.0
VCU,136,2016,REP,H,2045.0
VCU,136,2016,REP,P,1225.0
VCU,136,2016,REP,Y,3007.0
VCU,136,2020,DEM,H,53601.0
VCU,136,2020,DEM,P,17284.0
VCU,136,2020,DEM,S,41943.0
VCU,136,2020,DEM,Y,42308.0
VCU,136,2020,REP,H,3050.0
VCU,136,2020,REP,S,10763.0
VCU,136,2020,REP,Y,6009.0
Vanderbilt,18,2008,DEM,H,1000.0
Vanderbilt,18,2008,DEM,Y,20850.0
Vanderbilt,18,2008,REP,H,3500.0
Vanderbilt,18,2008,REP,S,1750.0
Vanderbilt,18,2008,REP,Y,2400.0
Vanderbilt,18,2012,DEM,H,5050.0
Vanderbilt,18,2012,DEM,S,1500.0
Vanderbilt,18,2012,DEM,Y,24080.0
Vanderbilt,18,2012,REP,H,1250.0
Vanderbilt,18,2012,REP,P,500.0
Vanderbilt,18,2012,REP,S,21950.0
Vanderbilt,18,2012,REP,Y,750.0
Vanderbilt,18,2016,DEM,H,1450.0
Vanderbilt,18,2016,DEM,P,14748.0
Vanderbilt,18,2016,DEM,S,24011.0
Vanderbilt,18,2016,DEM,Y,54308.0
Vanderbilt,18,2016,REP,H,11450.0
Vanderbilt,18,2016,REP,P,5977.0
Vanderbilt,18,2016,REP,S,6150.0
Vanderbilt,18,2016,REP,Y,3210.0
Vanderbilt,18,2020,DEM,H,3770.0
Vanderbilt,18,2020,DEM,P,25793.0
Vanderbilt,18,2020,DEM,S,197114.0
Vanderbilt,18,2020,DEM,Y,62655.0
Vanderbilt,18,2020,REP,H,2710.0
Vanderbilt,18,2020,REP,S,25550.0
Vanderbilt,18,2020,REP,Y,10822.0
Vermont,121,2008,DEM,Y,1800.0
Vermont,121,2012,DEM,H,350.0
Vermont,121,2012,DEM,S,750.0
Vermont,121,2012,DEM,Y,250.0
Vermont,121,2016,DEM,H,1100.0
Vermont,121,2016,DEM,P,30349.0
Vermont,121,2016,DEM,S,350.0
Vermont,121,2016,DEM,Y,3701.0
Vermont,121,2016,REP,H,300.0
Vermont,121,2016,REP,P,10500.0
Vermont,121,2020,DEM,H,700.0
Vermont,121,2020,DEM,P,28077.0
Vermont,121,2020,DEM,S,15844.0
Vermont,121,2020,DEM,Y,9950.0
Vermont,121,2020,REP,Y,25.0
Villanova,58,2008,DEM,S,655.0
Villanova,58,2008,DEM,Y,550.0
Villanova,58,2008,REP,H,450.0
Villanova,58,2012,DEM,S,950.0
Villanova,58,2012,DEM,Y,1650.0
Villanova,58,2012,REP,H,250.0
Villanova,58,2012,REP,S,1000.0
Villanova,58,2012,REP,Y,2500.0
Villanova,58,2016,DEM,P,3875.0
Villanova,58,2016,DEM,S,500.0
Villanova,58,2016,DEM,Y,10209.0
Villanova,58,2016,REP,Y,1150.0
Villanova,58,2020,DEM,H,1800.0
Villanova,58,2020,DEM,P,9474.0
Villanova,58,2020,DEM,S,4283.0
Villanova,58,2020,DEM,Y,9525.0
Villanova,58,2020,REP,S,500.0
Villanova,58,2020,REP,Y,700.0
Virginia,24,2008,DEM,H,2100.0
Virginia,24,2008,DEM,S,25200.0
Virginia,24,2008,DEM,Y,28576.0
Virginia,24,2008,REP,Y,5400.0
Virginia,24,2012,DEM,H,2000.0
Virginia,24,2012,DEM,S,88666.0
Virginia,24,2012,DEM,Y,30475.0
Virginia,24,2012,REP,H,6350.0
Virginia,24,2012,REP,P,250.0
Virginia,24,2012,REP,S,500.0
Virginia,24,2012,REP,Y,375.0
Virginia,24,2016,DEM,H,4849.0
Virginia,24,2016,DEM,P,16599.0
Virginia,24,2016,DEM,S,22046.0
Virginia,24,2016,DEM,Y,27829.0
Virginia,24,2016,REP,H,2327.0
Virginia,24,2016,REP,P,573.0
Virginia,24,2016,REP,Y,1221.0
Virginia,24,2020,DEM,H,121066.0
Virginia,24,2020,DEM,P,32645.0
Virginia,24,2020,DEM,S,130617.0
Virginia,24,2020,DEM,Y,45768.0
Virginia,24,2020,REP,H,1559.0
Virginia,24,2020,REP,S,750.0
Virginia,24,2020,REP,Y,3315.0
Virginia Tech,51,2008,DEM,H,500.0
Virginia Tech,51,2012,DEM,S,1500.0
Virginia Tech,51,2016,DEM,P,200.0
Virginia Tech,51,2016,DEM,Y,390.0
Virginia Tech,51,2020,DEM,P,250.0
Virginia Tech,51,2020,DEM,S,225.0
WPI,86,2008,DEM,H,1250.0
WPI,86,2008,DEM,S,4600.0
WPI,86,2008,DEM,Y,1696.0
WPI,86,2008,REP,H,250.0
WPI,86,2012,DEM,H,700.0
WPI,86,2012,DEM,S,12255.0
WPI,86,2012,DEM,Y,3250.0
WPI,86,2012,REP,H,5000.0
WPI,86,2016,DEM,H,8990.0
WPI,86,2016,DEM,P,4057.0
WPI,86,2016,DEM,S,4059.0
WPI,86,2016,DEM,Y,550.0
WPI,86,2016,REP,H,4950.0
WPI,86,2016,REP,P,485.0
WPI,86,2020,DEM,H,4765.0
WPI,86,2020,DEM,P,10159.0
WPI,86,2020,DEM,S,10176.0
WPI,86,2020,DEM,Y,2104.0
WPI,86,2020,REP,H,1250.0
WPI,86,2020,REP,Y,3425.0
Wake Forest,46,2008,DEM,Y,55716.0
Wake Forest,46,2008,REP,H,3500.0
Wake Forest,46,2008,REP,Y,6150.0
Wake Forest,46,2012,DEM,Y,2862.0
Wake Forest,46,2012,REP,H,2700.0
Wake Forest,46,2012,REP,P,1000.0
Wake Forest,46,2012,REP,Y,915.0
Wake Forest,46,2016,DEM,H,3700.0
Wake Forest,46,2016,DEM,P,1801.0
Wake Forest,46,2016,DEM,Y,1405.0
Wake Forest,46,2016,REP,H,700.0
Wake Forest,46,2016,REP,S,3100.0
Wake Forest,46,2016,REP,Y,2634.0
Wake Forest,46,2020,DEM,H,10704.0
Wake Forest,46,2020,DEM,P,7228.0
Wake Forest,46,2020,DEM,S,16269.0
Wake Forest,46,2020,DEM,Y,10989.0
Wake Forest,46,2020,REP,H,6905.0
Wake Forest,46,2020,REP,S,16450.0
Wake Forest,46,2020,REP,Y,1517.0
Washington,46,2008,DEM,H,2250.0
Washington,46,2008,DEM,S,8950.0
Washington,46,2008,DEM,Y,39931.0
Washington,46,2008,REP,H,250.0
Washington,46,2008,REP,S,1000.0
Washington,46,2008,REP,Y,650.0
Washington,46,2012,DEM,H,37700.0
Washington,46,2012,DEM,S,43499.0
Washington,46,2012,DEM,Y,129263.0
Washington,46,2012,REP,S,1250.0
Washington,46,2012,REP,Y,985.0
Washington,46,2016,DEM,H,36901.0
Washington,46,2016,DEM,P,57381.0
Washington,46,2016,DEM,S,57256.0
Washington,46,2016,DEM,Y,90655.0
Washington,46,2016,REP,P,1425.0
Washington,46,2016,REP,Y,1635.0
Washington,46,2020,DEM,H,108846.0
Washington,46,2020,DEM,P,146138.0
Washington,46,2020,DEM,S,321359.0
Washington,46,2020,DEM,Y,255321.0
Washington,46,2020,REP,H,1410.0
Washington,46,2020,REP,S,2950.0
Washington,46,2020,REP,Y,16940.0
Washington Univ,21,2008,DEM,Y,750.0
Washington Univ,21,2012,DEM,H,250.0
Washington Univ,21,2012,DEM,Y,1750.0
Washington Univ,21,2016,DEM,H,1000.0
Washington Univ,21,2016,DEM,P,1995.0
Washington Univ,21,2016,DEM,S,2050.0
Washington Univ,21,2016,DEM,Y,2948.0
Washington Univ,21,2020,DEM,H,4243.0
Washington Univ,21,2020,DEM,P,12311.0
Washington Univ,21,2020,DEM,S,16769.0
Washington Univ,21,2020,DEM,Y,16519.0
Washington Univ,21,2020,REP,P,300.0
Washington Univ,21,2020,REP,S,1116.0
Washington Univ,21,2020,REP,Y,300.0
William & Mary,54,2008,DEM,S,4900.0
William & Mary,54,2008,DEM,Y,30980.0
William & Mary,54,2012,DEM,S,14100.0
William & Mary,54,2012,DEM,Y,3850.0
William & Mary,54,2012,REP,H,2000.0
William & Mary,54,2012,REP,Y,1000.0
William & Mary,54,2016,DEM,P,7475.0
William & Mary,54,2016,DEM,S,2950.0
William & Mary,54,2016,DEM,Y,3056.0
William & Mary,54,2016,REP,H,1000.0
William & Mary,54,2016,REP,P,413.0
William & Mary,54,2020,DEM,H,16636.0
William & Mary,54,2020,DEM,P,8665.0
William & Mary,54,2020,DEM,S,6947.0
William & Mary,54,2020,DEM,Y,9280.0
William & Mary,54,2020,REP,S,1021.0
Yale,5,2008,DEM,H,19050.0
Yale,5,2008,DEM,S,8870.0
Yale,5,2008,DEM,Y,89518.0
Yale,5,2008,REP,H,1250.0
Yale,5,2008,REP,S,500.0
Yale,5,2008,REP,Y,300.0
Yale,5,2012,DEM,H,60750.0
Yale,5,2012,DEM,S,66750.0
Yale,5,2012,DEM,Y,53164.0
Yale,5,2012,REP,Y,1070.0
Yale,5,2016,DEM,H,32520.0
Yale,5,2016,DEM,P,29513.0
Yale,5,2016,DEM,S,49078.0
Yale,5,2016,DEM,Y,83480.0
Yale,5,2016,REP,P,3750.0
Yale,5,2016,REP,S,500.0
Yale,5,2016,REP,Y,1489.0
Yale,5,2020,DEM,H,80500.0
Yale,5,2020,DEM,P,70611.0
Yale,5,2020,DEM,S,242223.0
Yale,5,2020,DEM,Y,220797.0
Yale,5,2020,REP,H,1045.0
Yale,5,2020,REP,S,5215.0
Yale,5,2020,REP,Y,4730.0
Yeshiva,98,2008,DEM,Y,5611.0
Yeshiva,98,2008,REP,Y,28500.0
Yeshiva,98,2012,DEM,Y,2000.0
Yeshiva,98,2016,DEM,H,2100.0
Yeshiva,98,2016,DEM,P,500.0
Yeshiva,98,2016,DEM,S,200.0
Yeshiva,98,2016,DEM,Y,2765.0
Yeshiva,98,2016,REP,P,3430.0
Yeshiva,98,2020,DEM,H,3658.0
Yeshiva,98,2020,DEM,P,9981.0
Yeshiva,98,2020,DEM,S,8765.0
Yeshiva,98,2020,DEM,Y,7445.0
Yeshiva,98,2020,REP,Y,305.0
